year,id,re,treat,age,education,black,hispanic,married,nodegree,u74,u75,uniqueid
1978.0,1,9930.05,1,37,11,1,0,1,1,1,1,1-1978
1978.0,2,3595.89,1,22,9,0,1,0,1,1,1,2-1978
1978.0,3,24909.5,1,30,12,1,0,0,0,1,1,3-1978
1978.0,4,7506.15,1,27,11,1,0,0,1,1,1,4-1978
1978.0,5,289.79,1,33,8,1,0,0,1,1,1,5-1978
1978.0,6,4056.49,1,22,9,1,0,0,1,1,1,6-1978
1978.0,7,0.0,1,23,12,1,0,0,0,1,1,7-1978
1978.0,8,8472.16,1,32,11,1,0,0,1,1,1,8-1978
1978.0,9,2164.02,1,22,16,1,0,0,0,1,1,9-1978
1978.0,10,12418.1,1,33,12,0,0,1,0,1,1,10-1978
1978.0,11,8173.91,1,19,9,1,0,0,1,1,1,11-1978
1978.0,12,17094.6,1,21,13,1,0,0,0,1,1,12-1978
1978.0,13,0.0,1,18,8,1,0,0,1,1,1,13-1978
1978.0,14,18739.9,1,27,10,1,0,1,1,1,1,14-1978
1978.0,15,3023.88,1,17,7,1,0,0,1,1,1,15-1978
1978.0,16,3228.5,1,19,10,1,0,0,1,1,1,16-1978
1978.0,17,14581.9,1,27,13,1,0,0,0,1,1,17-1978
1978.0,18,7693.4,1,23,10,1,0,0,1,1,1,18-1978
1978.0,19,10804.3,1,40,12,1,0,0,0,1,1,19-1978
1978.0,20,10747.4,1,26,12,1,0,0,0,1,1,20-1978
1978.0,21,0.0,1,23,11,1,0,0,1,1,1,21-1978
1978.0,22,5149.5,1,41,14,0,0,0,0,1,1,22-1978
1978.0,23,6408.95,1,38,9,0,0,0,1,1,1,23-1978
1978.0,24,1991.4,1,24,11,1,0,0,1,1,1,24-1978
1978.0,25,11163.2,1,18,10,1,0,0,1,1,1,25-1978
1978.0,26,9643.0,1,29,11,1,0,1,1,1,1,26-1978
1978.0,27,9897.05,1,25,11,1,0,0,1,1,1,27-1978
1978.0,28,11142.9,1,27,10,0,1,0,1,1,1,28-1978
1978.0,29,16218.0,1,17,10,1,0,0,1,1,1,29-1978
1978.0,30,995.7,1,24,11,1,0,0,1,1,1,30-1978
1978.0,31,0.0,1,17,10,1,0,0,1,1,1,31-1978
1978.0,32,6551.59,1,48,4,1,0,0,1,1,1,32-1978
1978.0,33,1574.42,1,25,11,1,0,1,1,1,1,33-1978
1978.0,34,0.0,1,20,12,1,0,0,0,1,1,34-1978
1978.0,35,3191.75,1,25,12,1,0,0,0,1,1,35-1978
1978.0,36,20505.9,1,42,14,1,0,0,0,1,1,36-1978
1978.0,37,6181.88,1,25,5,1,0,0,1,1,1,37-1978
1978.0,38,5911.55,1,23,12,1,0,1,0,1,1,38-1978
1978.0,39,3094.16,1,46,8,1,0,1,1,1,1,39-1978
1978.0,40,0.0,1,24,10,1,0,0,1,1,1,40-1978
1978.0,41,1254.58,1,21,12,1,0,0,0,1,1,41-1978
1978.0,42,13188.8,1,19,9,0,0,0,1,1,1,42-1978
1978.0,43,8061.49,1,17,8,1,0,0,1,1,1,43-1978
1978.0,44,2787.96,1,18,8,0,1,1,1,1,1,44-1978
1978.0,45,3972.54,1,20,11,1,0,0,1,1,1,45-1978
1978.0,46,0.0,1,25,11,1,0,1,1,1,1,46-1978
1978.0,47,0.0,1,17,8,1,0,0,1,1,1,47-1978
1978.0,48,0.0,1,17,9,1,0,0,1,1,1,48-1978
1978.0,49,12187.4,1,25,5,1,0,0,1,1,1,49-1978
1978.0,50,4843.18,1,23,12,1,0,0,0,1,1,50-1978
1978.0,51,0.0,1,28,8,1,0,0,1,1,1,51-1978
1978.0,52,8087.49,1,31,11,1,0,1,1,1,1,52-1978
1978.0,53,0.0,1,18,11,1,0,0,1,1,1,53-1978
1978.0,54,2348.97,1,25,12,1,0,0,0,1,1,54-1978
1978.0,55,590.782,1,30,11,1,0,1,1,1,1,55-1978
1978.0,56,0.0,1,17,10,1,0,0,1,1,1,56-1978
1978.0,57,1067.51,1,37,9,1,0,0,1,1,1,57-1978
1978.0,58,7284.99,1,41,4,1,0,1,1,1,1,58-1978
1978.0,59,13167.5,1,42,14,1,0,1,0,1,1,59-1978
1978.0,60,1048.43,1,22,11,0,0,0,1,1,1,60-1978
1978.0,61,0.0,1,17,8,1,0,0,1,1,1,61-1978
1978.0,62,1923.94,1,29,8,1,0,0,1,1,1,62-1978
1978.0,63,4666.24,1,35,10,1,0,0,1,1,1,63-1978
1978.0,64,549.298,1,27,11,1,0,0,1,1,1,64-1978
1978.0,65,762.915,1,29,4,1,0,0,1,1,1,65-1978
1978.0,66,10694.3,1,28,9,1,0,0,1,1,1,66-1978
1978.0,67,0.0,1,27,11,1,0,0,1,1,1,67-1978
1978.0,68,0.0,1,23,7,0,0,0,1,1,1,68-1978
1978.0,69,8546.72,1,45,5,1,0,1,1,1,1,69-1978
1978.0,70,7479.66,1,29,13,1,0,0,0,1,1,70-1978
1978.0,71,0.0,1,27,9,1,0,0,1,1,1,71-1978
1978.0,72,647.205,1,46,13,1,0,0,0,1,1,72-1978
1978.0,73,0.0,1,18,6,1,0,0,1,1,1,73-1978
1978.0,74,11965.8,1,25,12,1,0,0,0,1,1,74-1978
1978.0,75,9598.54,1,28,15,1,0,0,0,1,1,75-1978
1978.0,76,18783.4,1,25,11,0,0,0,1,1,1,76-1978
1978.0,77,18678.1,1,22,12,1,0,0,0,1,1,77-1978
1978.0,78,0.0,1,21,9,1,0,0,1,1,1,78-1978
1978.0,79,23005.6,1,40,11,1,0,0,1,1,1,79-1978
1978.0,80,6456.7,1,22,11,1,0,0,1,1,1,80-1978
1978.0,81,0.0,1,25,12,1,0,0,0,1,1,81-1978
1978.0,82,2321.11,1,18,12,1,0,0,0,1,1,82-1978
1978.0,83,4941.85,1,38,12,0,0,0,0,1,1,83-1978
1978.0,84,0.0,1,27,13,1,0,0,0,1,1,84-1978
1978.0,85,0.0,1,27,8,1,0,0,1,1,1,85-1978
1978.0,86,0.0,1,38,11,1,0,0,1,1,1,86-1978
1978.0,87,3881.28,1,23,8,0,1,0,1,1,1,87-1978
1978.0,88,17231.0,1,26,11,1,0,0,1,1,1,88-1978
1978.0,89,8048.6,1,21,12,0,0,0,0,1,1,89-1978
1978.0,90,0.0,1,25,8,1,0,0,1,1,1,90-1978
1978.0,91,14509.9,1,31,11,1,0,1,1,1,1,91-1978
1978.0,92,0.0,1,17,10,1,0,0,1,1,1,92-1978
1978.0,93,0.0,1,25,11,1,0,0,1,1,1,93-1978
1978.0,94,9983.78,1,21,12,1,0,0,0,1,1,94-1978
1978.0,95,0.0,1,44,11,1,0,0,1,1,1,95-1978
1978.0,96,5587.5,1,25,12,0,0,0,0,1,1,96-1978
1978.0,97,4482.85,1,18,9,1,0,0,1,1,1,97-1978
1978.0,98,2456.15,1,42,12,1,0,0,0,1,1,98-1978
1978.0,99,0.0,1,25,10,1,0,0,1,1,1,99-1978
1978.0,100,26817.6,1,31,9,0,1,0,1,1,1,100-1978
1978.0,101,0.0,1,24,10,1,0,0,1,1,1,101-1978
1978.0,102,9265.79,1,26,10,1,0,0,1,1,1,102-1978
1978.0,103,485.23,1,25,11,1,0,0,1,1,1,103-1978
1978.0,104,4814.63,1,18,11,1,0,0,1,1,1,104-1978
1978.0,105,7458.11,1,19,11,1,0,0,1,1,1,105-1978
1978.0,106,0.0,1,43,9,1,0,0,1,1,1,106-1978
1978.0,107,34099.3,1,27,13,1,0,0,0,1,1,107-1978
1978.0,108,1953.27,1,17,9,1,0,0,1,1,1,108-1978
1978.0,109,0.0,1,30,11,1,0,0,1,1,1,109-1978
1978.0,110,0.0,1,26,10,1,0,1,1,0,1,110-1978
1978.0,111,8881.67,1,20,9,1,0,0,1,0,1,111-1978
1978.0,112,6210.67,1,17,9,0,1,0,1,0,0,112-1978
1978.0,113,0.0,1,20,12,1,0,0,0,0,0,113-1978
1978.0,114,929.884,1,18,11,1,0,0,1,0,0,114-1978
1978.0,115,0.0,1,27,12,1,0,1,0,0,0,115-1978
1978.0,116,12558.0,1,21,12,0,0,0,0,0,0,116-1978
1978.0,117,22163.3,1,27,12,1,0,0,0,0,0,117-1978
1978.0,118,1652.64,1,20,12,1,0,0,0,1,0,118-1978
1978.0,119,8124.72,1,19,10,1,0,0,1,1,0,119-1978
1978.0,120,671.332,1,23,12,1,0,0,0,0,0,120-1978
1978.0,121,17815.0,1,29,14,1,0,0,0,1,0,121-1978
1978.0,122,9737.15,1,18,10,1,0,0,1,1,0,122-1978
1978.0,123,17685.2,1,19,9,1,0,0,1,1,0,123-1978
1978.0,124,0.0,1,27,13,0,0,1,0,0,0,124-1978
1978.0,125,4321.71,1,18,11,0,0,0,1,0,0,125-1978
1978.0,126,1773.42,1,27,9,1,0,1,1,1,0,126-1978
1978.0,127,0.0,1,22,12,1,0,0,0,0,0,127-1978
1978.0,128,11233.3,1,23,10,1,0,1,1,1,0,128-1978
1978.0,129,559.443,1,23,12,0,1,0,0,0,0,129-1978
1978.0,130,1085.44,1,20,11,1,0,0,1,0,0,130-1978
1978.0,131,5445.2,1,17,9,1,0,0,1,0,0,131-1978
1978.0,132,60307.9,1,28,11,1,0,0,1,1,0,132-1978
1978.0,133,1460.36,1,26,11,1,0,1,1,1,0,133-1978
1978.0,134,6943.34,1,20,11,1,0,0,1,0,0,134-1978
1978.0,135,4032.71,1,24,11,1,0,1,1,0,0,135-1978
1978.0,136,10363.3,1,31,9,1,0,0,1,1,0,136-1978
1978.0,137,4232.31,1,23,8,0,0,1,1,1,0,137-1978
1978.0,138,11141.4,1,18,10,1,0,0,1,0,0,138-1978
1978.0,139,0.0,1,29,12,1,0,0,0,0,0,139-1978
1978.0,140,13385.9,1,26,11,0,0,0,1,1,0,140-1978
1978.0,141,4849.56,1,24,9,1,0,0,1,0,0,141-1978
1978.0,142,0.0,1,25,12,1,0,0,0,0,0,142-1978
1978.0,143,1660.51,1,24,10,1,0,0,1,0,0,143-1978
1978.0,144,0.0,1,46,8,1,0,0,1,0,0,144-1978
1978.0,145,2484.55,1,31,12,0,0,0,0,1,0,145-1978
1978.0,146,4146.6,1,19,11,1,0,0,1,0,0,146-1978
1978.0,147,9970.68,1,19,8,1,0,0,1,1,0,147-1978
1978.0,148,0.0,1,27,11,1,0,0,1,0,0,148-1978
1978.0,149,26372.3,1,26,11,1,0,1,1,1,0,149-1978
1978.0,150,5615.19,1,20,10,1,0,0,1,0,0,150-1978
1978.0,151,3196.57,1,28,10,1,0,0,1,1,0,151-1978
1978.0,152,6167.68,1,24,12,1,0,0,0,0,0,152-1978
1978.0,153,7535.94,1,19,8,1,0,0,1,0,0,153-1978
1978.0,154,8484.24,1,23,12,1,0,0,0,0,0,154-1978
1978.0,155,1294.41,1,42,9,1,0,1,1,1,0,155-1978
1978.0,156,0.0,1,25,13,1,0,0,0,0,0,156-1978
1978.0,157,5010.34,1,18,9,1,0,0,1,1,0,157-1978
1978.0,158,9371.04,1,21,12,1,0,0,0,0,0,158-1978
1978.0,159,0.0,1,27,10,1,0,0,1,0,0,159-1978
1978.0,160,4279.61,1,21,8,1,0,0,1,0,0,160-1978
1978.0,161,3462.56,1,22,9,1,0,0,1,0,0,161-1978
1978.0,162,7382.55,1,31,4,1,0,0,1,0,0,162-1978
1978.0,163,0.0,1,24,10,1,0,1,1,0,0,163-1978
1978.0,164,0.0,1,29,10,1,0,0,1,1,0,164-1978
1978.0,165,10976.5,1,29,12,1,0,0,0,0,0,165-1978
1978.0,166,13829.6,1,19,10,0,0,0,1,1,0,166-1978
1978.0,167,6788.46,1,19,11,0,1,1,1,0,0,167-1978
1978.0,168,9558.5,1,31,9,1,0,0,1,0,0,168-1978
1978.0,169,13228.3,1,22,10,1,0,1,1,0,0,169-1978
1978.0,170,743.667,1,21,9,1,0,0,1,0,0,170-1978
1978.0,171,5522.79,1,17,10,1,0,0,1,0,0,171-1978
1978.0,172,1424.94,1,26,12,1,0,1,0,0,0,172-1978
1978.0,173,1358.64,1,20,9,0,1,0,1,0,0,173-1978
1978.0,174,0.0,1,19,10,1,0,0,1,0,0,174-1978
1978.0,175,672.877,1,26,10,1,0,0,1,0,0,175-1978
1978.0,176,0.0,1,28,11,1,0,0,1,0,0,176-1978
1978.0,177,10092.8,1,22,12,0,1,1,0,0,0,177-1978
1978.0,178,6281.43,1,33,11,1,0,0,1,1,0,178-1978
1978.0,179,12590.7,1,22,12,0,0,0,0,0,0,179-1978
1978.0,180,5112.01,1,29,10,0,1,0,1,1,0,180-1978
1978.0,181,15952.6,1,33,12,1,0,1,0,0,0,181-1978
1978.0,182,36647.0,1,25,14,1,0,1,0,0,0,182-1978
1978.0,183,12804.0,1,35,9,1,0,1,1,0,0,183-1978
1978.0,184,3786.63,1,35,8,1,0,1,1,0,0,184-1978
1978.0,185,4181.94,1,33,11,1,0,1,1,0,0,185-1978
1978.0,186,0.0,0,23,10,1,0,0,1,1,1,186-1978
1978.0,187,12383.7,0,26,12,0,0,0,0,1,1,187-1978
1978.0,188,0.0,0,22,9,1,0,0,1,1,1,188-1978
1978.0,189,10740.1,0,18,9,1,0,0,1,1,1,189-1978
1978.0,190,11796.5,0,45,11,1,0,0,1,1,1,190-1978
1978.0,191,9227.05,0,18,9,1,0,0,1,1,1,191-1978
1978.0,192,10569.3,0,24,8,0,0,0,1,1,1,192-1978
1978.0,193,6040.34,0,34,11,1,0,1,1,1,1,193-1978
1978.0,194,3880.83,0,24,4,0,1,0,1,1,1,194-1978
1978.0,195,0.0,0,36,10,1,0,0,1,1,1,195-1978
1978.0,196,5775.06,0,21,14,1,0,0,0,1,1,196-1978
1978.0,197,0.0,0,28,9,1,0,0,1,1,1,197-1978
1978.0,198,0.0,0,27,7,1,0,1,1,1,1,198-1978
1978.0,199,0.0,0,19,11,0,0,0,1,1,1,199-1978
1978.0,200,0.0,0,20,8,1,0,0,1,1,1,200-1978
1978.0,201,2113.72,0,34,12,1,0,0,0,1,1,201-1978
1978.0,202,7618.64,0,24,10,1,0,0,1,1,1,202-1978
1978.0,203,9920.95,0,22,8,0,1,0,1,1,1,203-1978
1978.0,204,4196.38,0,25,11,1,0,0,1,1,1,204-1978
1978.0,205,0.0,0,39,9,1,0,0,1,1,1,205-1978
1978.0,206,16658.3,0,19,9,1,0,1,1,1,1,206-1978
1978.0,207,9722.0,0,44,9,1,0,0,1,1,1,207-1978
1978.0,208,3783.66,0,27,8,1,0,0,1,1,1,208-1978
1978.0,209,3515.93,0,25,8,1,0,0,1,1,1,209-1978
1978.0,210,17014.6,0,31,10,1,0,0,1,1,1,210-1978
1978.0,211,0.0,0,34,10,1,0,1,1,1,1,211-1978
1978.0,212,0.0,0,21,7,0,1,0,1,1,1,212-1978
1978.0,213,5970.26,0,33,12,1,0,0,0,1,1,213-1978
1978.0,214,1859.17,0,18,10,0,1,0,1,1,1,214-1978
1978.0,215,6191.94,0,26,12,1,0,1,0,1,1,215-1978
1978.0,216,7284.39,0,31,12,1,0,0,0,1,1,216-1978
1978.0,217,445.831,0,35,10,1,0,0,1,1,1,217-1978
1978.0,218,0.0,0,20,12,1,0,0,0,1,1,218-1978
1978.0,219,0.0,0,25,11,1,0,0,1,1,1,219-1978
1978.0,220,7367.04,0,25,10,1,0,0,1,1,1,220-1978
1978.0,221,0.0,0,35,11,1,0,0,1,1,1,221-1978
1978.0,222,2015.5,0,20,10,1,0,0,1,1,1,222-1978
1978.0,223,15791.1,0,25,9,0,1,0,1,1,1,223-1978
1978.0,224,1135.47,0,27,10,1,0,0,1,1,1,224-1978
1978.0,225,6378.72,0,20,11,0,1,0,1,1,1,225-1978
1978.0,226,7176.19,0,26,11,1,0,0,1,1,1,226-1978
1978.0,227,0.0,0,38,8,1,0,0,1,1,1,227-1978
1978.0,228,7952.54,0,34,10,1,0,0,1,1,1,228-1978
1978.0,229,0.0,0,19,12,1,0,0,0,1,1,229-1978
1978.0,230,7152.13,0,32,8,1,0,0,1,1,1,230-1978
1978.0,231,8329.82,0,20,9,0,1,0,1,1,1,231-1978
1978.0,232,0.0,0,23,10,1,0,0,1,1,1,232-1978
1978.0,233,12429.9,0,38,10,1,0,0,1,1,1,233-1978
1978.0,234,0.0,0,24,11,1,0,0,1,1,1,234-1978
1978.0,235,5088.76,0,23,11,1,0,0,1,1,1,235-1978
1978.0,236,4374.04,0,20,7,0,1,0,1,1,1,236-1978
1978.0,237,1553.29,0,21,11,1,0,0,1,1,1,237-1978
1978.0,238,0.0,0,25,10,1,0,0,1,1,1,238-1978
1978.0,239,1698.3,0,22,11,1,0,1,1,1,1,239-1978
1978.0,240,0.0,0,23,11,1,0,0,1,1,1,240-1978
1978.0,241,11294.6,0,24,12,0,0,0,0,1,1,241-1978
1978.0,242,0.0,0,29,11,1,0,0,1,1,1,242-1978
1978.0,243,14626.4,0,24,11,1,0,0,1,1,1,243-1978
1978.0,244,12898.4,0,22,9,1,0,0,1,1,1,244-1978
1978.0,245,5767.13,0,28,11,1,0,0,1,1,1,245-1978
1978.0,246,6527.92,0,18,10,0,1,0,1,1,1,246-1978
1978.0,247,3931.24,0,26,10,1,0,0,1,1,1,247-1978
1978.0,248,20942.2,0,25,10,1,0,0,1,1,1,248-1978
1978.0,249,0.0,0,24,10,1,0,0,1,1,1,249-1978
1978.0,250,0.0,0,26,5,1,0,0,1,1,1,250-1978
1978.0,251,14690.4,0,36,10,1,0,0,1,1,1,251-1978
1978.0,252,0.0,0,22,11,1,0,0,1,1,1,252-1978
1978.0,253,3418.1,0,25,12,1,0,0,0,1,1,253-1978
1978.0,254,11197.3,0,27,11,1,0,0,1,1,1,254-1978
1978.0,255,0.0,0,29,8,1,0,0,1,1,1,255-1978
1978.0,256,0.0,0,24,12,1,0,0,0,1,1,256-1978
1978.0,257,0.0,0,22,10,1,0,0,1,1,1,257-1978
1978.0,258,1455.69,0,24,7,1,0,0,1,1,1,258-1978
1978.0,259,1890.94,0,29,12,1,0,0,0,1,1,259-1978
1978.0,260,4485.62,0,25,11,0,1,1,1,1,1,260-1978
1978.0,261,13613.4,0,30,12,1,0,0,0,1,1,261-1978
1978.0,262,1390.51,0,22,8,1,0,0,1,1,1,262-1978
1978.0,263,5843.8,0,55,3,1,0,0,1,1,1,263-1978
1978.0,264,8598.52,0,20,10,1,0,0,1,1,1,264-1978
1978.0,265,2920.2,0,34,11,1,0,0,1,1,1,265-1978
1978.0,266,0.0,0,22,12,1,0,0,0,1,1,266-1978
1978.0,267,6735.32,0,32,12,0,1,1,0,1,1,267-1978
1978.0,268,0.0,0,31,10,1,0,0,1,1,1,268-1978
1978.0,269,0.0,0,18,9,1,0,0,1,1,1,269-1978
1978.0,270,0.0,0,50,10,0,1,0,1,1,1,270-1978
1978.0,271,44.7555,0,25,11,1,0,1,1,1,1,271-1978
1978.0,272,0.0,0,23,10,1,0,1,1,1,1,272-1978
1978.0,273,0.0,0,38,10,1,0,0,1,1,1,273-1978
1978.0,274,3701.81,0,25,10,1,0,1,1,1,1,274-1978
1978.0,275,6930.34,0,42,10,1,0,0,1,1,1,275-1978
1978.0,276,3795.8,0,39,12,1,0,1,0,1,1,276-1978
1978.0,277,5193.25,0,34,13,1,0,1,0,1,1,277-1978
1978.0,278,2193.53,0,24,7,1,0,0,1,1,1,278-1978
1978.0,279,11120.5,0,32,11,1,0,0,1,1,1,279-1978
1978.0,280,7609.52,0,27,13,1,0,0,0,1,1,280-1978
1978.0,281,2169.03,0,26,10,1,0,0,1,1,1,281-1978
1978.0,282,0.0,0,44,11,1,0,0,1,1,1,282-1978
1978.0,283,1264.23,0,25,11,1,0,0,1,1,1,283-1978
1978.0,284,0.0,0,25,12,1,0,0,0,1,1,284-1978
1978.0,285,0.0,0,28,12,1,0,1,0,1,1,285-1978
1978.0,286,0.0,0,32,10,1,0,0,1,1,1,286-1978
1978.0,287,0.0,0,22,10,1,0,0,1,1,1,287-1978
1978.0,288,5712.64,0,19,9,1,0,0,1,1,1,288-1978
1978.0,289,0.0,0,31,10,1,0,1,1,1,1,289-1978
1978.0,290,0.0,0,23,11,1,0,0,1,1,1,290-1978
1978.0,291,0.0,0,33,11,1,0,0,1,1,1,291-1978
1978.0,292,1184.88,0,27,10,1,0,0,1,1,1,292-1978
1978.0,293,10225.9,0,29,11,1,0,1,1,1,1,293-1978
1978.0,294,0.0,0,23,10,1,0,0,1,1,1,294-1978
1978.0,295,4715.37,0,25,9,1,0,1,1,1,1,295-1978
1978.0,296,289.79,0,25,10,1,0,0,1,1,1,296-1978
1978.0,297,0.0,0,24,10,1,0,0,1,1,1,297-1978
1978.0,298,8190.42,0,28,8,0,0,0,1,1,1,298-1978
1978.0,299,4813.05,0,26,6,1,0,0,1,1,1,299-1978
1978.0,300,7344.68,0,30,14,1,0,1,0,1,1,300-1978
1978.0,301,0.0,0,25,10,1,0,1,1,1,1,301-1978
1978.0,302,0.0,0,29,11,1,0,1,1,1,1,302-1978
1978.0,303,0.0,0,25,12,1,0,1,0,1,1,303-1978
1978.0,304,0.0,0,28,13,1,0,0,0,1,1,304-1978
1978.0,305,4350.91,0,23,11,1,0,0,1,1,1,305-1978
1978.0,306,7812.52,0,54,11,1,0,0,1,1,1,306-1978
1978.0,307,0.0,0,33,5,0,1,0,1,1,1,307-1978
1978.0,308,3644.66,0,20,8,1,0,0,1,1,1,308-1978
1978.0,309,4844.8,0,45,9,1,0,0,1,1,1,309-1978
1978.0,310,0.0,0,39,6,1,0,0,1,1,1,310-1978
1978.0,311,0.0,0,26,12,1,0,0,0,1,1,311-1978
1978.0,312,0.0,0,23,10,1,0,0,1,1,1,312-1978
1978.0,313,14792.9,0,27,12,0,0,0,0,1,1,313-1978
1978.0,314,0.0,0,33,9,0,1,1,1,1,1,314-1978
1978.0,315,0.0,0,25,10,1,0,1,1,1,1,315-1978
1978.0,316,3746.7,0,23,8,1,0,0,1,1,1,316-1978
1978.0,317,1568.15,0,18,8,1,0,0,1,1,1,317-1978
1978.0,318,7010.44,0,17,8,1,0,0,1,1,1,318-1978
1978.0,319,3811.68,0,19,9,0,1,0,1,1,1,319-1978
1978.0,320,10798.6,0,18,8,0,1,0,1,1,1,320-1978
1978.0,321,4657.27,0,18,11,1,0,0,1,1,1,321-1978
1978.0,322,8551.53,0,17,11,1,0,0,1,1,1,322-1978
1978.0,323,4309.88,0,19,10,1,0,0,1,1,1,323-1978
1978.0,324,5286.4,0,19,10,1,0,0,1,1,1,324-1978
1978.0,325,12486.2,0,18,9,1,0,0,1,1,1,325-1978
1978.0,326,10877.4,0,18,9,1,0,0,1,1,1,326-1978
1978.0,327,202.285,0,18,10,1,0,0,1,1,1,327-1978
1978.0,328,2657.71,0,17,10,1,0,0,1,1,1,328-1978
1978.0,329,4132.58,0,18,7,1,0,0,1,1,1,329-1978
1978.0,330,11303.1,0,18,11,1,0,0,1,1,1,330-1978
1978.0,331,0.0,0,19,10,0,1,0,1,1,1,331-1978
1978.0,332,0.0,0,18,9,1,0,0,1,1,1,332-1978
1978.0,333,0.0,0,17,10,1,0,0,1,1,1,333-1978
1978.0,334,2189.43,0,17,10,1,0,0,1,1,1,334-1978
1978.0,335,0.0,0,19,11,1,0,0,1,1,1,335-1978
1978.0,336,10211.0,0,17,8,0,0,0,1,1,1,336-1978
1978.0,337,11048.1,0,18,10,1,0,0,1,1,1,337-1978
1978.0,338,0.0,0,18,9,1,0,0,1,1,1,338-1978
1978.0,339,8993.87,0,17,8,1,0,0,1,1,1,339-1978
1978.0,340,5071.8,0,19,6,0,1,0,1,1,1,340-1978
1978.0,341,3194.01,0,19,10,0,0,0,1,1,1,341-1978
1978.0,342,0.0,0,17,11,0,0,0,1,1,1,342-1978
1978.0,343,5193.09,0,20,9,1,0,0,1,1,1,343-1978
1978.0,344,0.0,0,17,9,1,0,0,1,1,1,344-1978
1978.0,345,275.566,0,17,10,1,0,0,1,1,1,345-1978
1978.0,346,3590.7,0,17,9,1,0,0,1,1,1,346-1978
1978.0,347,0.0,0,19,11,1,0,0,1,1,1,347-1978
1978.0,348,12797.7,0,19,10,1,0,1,1,1,1,348-1978
1978.0,349,2035.91,0,20,9,1,0,0,1,1,1,349-1978
1978.0,350,2389.68,0,18,9,1,0,0,1,1,1,350-1978
1978.0,351,0.0,0,18,11,1,0,0,1,1,1,351-1978
1978.0,352,8469.28,0,17,10,0,1,0,1,1,1,352-1978
1978.0,353,0.0,0,19,11,1,0,0,1,1,1,353-1978
1978.0,354,1143.39,0,17,10,1,0,0,1,1,1,354-1978
1978.0,355,5114.81,0,17,9,0,1,0,1,1,1,355-1978
1978.0,356,781.224,0,18,10,1,0,0,1,1,1,356-1978
1978.0,357,3343.22,0,21,9,1,0,0,1,0,1,357-1978
1978.0,358,9602.44,0,18,10,1,0,0,1,0,1,358-1978
1978.0,359,0.0,0,19,11,1,0,0,1,0,1,359-1978
1978.0,360,16461.6,0,24,9,1,0,0,1,0,1,360-1978
1978.0,361,6771.62,0,28,11,0,1,1,1,0,1,361-1978
1978.0,362,0.0,0,25,11,1,0,0,1,0,1,362-1978
1978.0,363,11011.6,0,21,7,1,0,0,1,0,1,363-1978
1978.0,364,0.0,0,39,11,1,0,0,1,1,0,364-1978
1978.0,365,0.0,0,36,12,1,0,0,0,1,0,365-1978
1978.0,366,0.0,0,24,12,1,0,0,0,1,0,366-1978
1978.0,367,4251.13,0,17,11,1,0,0,1,0,0,367-1978
1978.0,368,2891.67,0,18,10,1,0,0,1,0,0,368-1978
1978.0,369,5514.37,0,18,10,1,0,0,1,1,0,369-1978
1978.0,370,4858.9,0,28,10,1,0,0,1,0,0,370-1978
1978.0,371,4812.58,0,27,13,0,0,0,0,0,0,371-1978
1978.0,372,0.0,0,31,12,0,0,0,0,1,0,372-1978
1978.0,373,604.199,0,22,9,1,0,0,1,1,0,373-1978
1978.0,374,14527.9,0,31,10,1,0,0,1,1,0,374-1978
1978.0,375,0.0,0,26,10,1,0,1,1,0,0,375-1978
1978.0,376,7300.5,0,18,9,0,0,0,1,1,0,376-1978
1978.0,377,0.0,0,23,11,1,0,0,1,0,0,377-1978
1978.0,378,4159.92,0,20,12,1,0,0,0,1,0,378-1978
1978.0,379,0.0,0,19,10,1,0,0,1,1,0,379-1978
1978.0,380,5497.59,0,18,11,1,0,0,1,0,0,380-1978
1978.0,381,0.0,0,17,10,1,0,0,1,1,0,381-1978
1978.0,382,0.0,0,27,12,1,0,1,0,1,0,382-1978
1978.0,383,0.0,0,27,11,1,0,0,1,0,0,383-1978
1978.0,384,16477.0,0,28,12,0,0,0,0,1,0,384-1978
1978.0,385,0.0,0,28,11,1,0,0,1,0,0,385-1978
1978.0,386,39483.5,0,21,10,1,0,0,1,0,0,386-1978
1978.0,387,11306.3,0,17,10,0,1,0,1,0,0,387-1978
1978.0,388,6672.02,0,26,11,1,0,0,1,0,0,388-1978
1978.0,389,9378.65,0,29,9,1,0,0,1,1,0,389-1978
1978.0,390,5088.99,0,17,10,0,1,0,1,0,0,390-1978
1978.0,391,2639.29,0,22,11,1,0,0,1,0,0,391-1978
1978.0,392,9495.9,0,24,11,1,0,0,1,1,0,392-1978
1978.0,393,20893.1,0,20,12,1,0,0,0,0,0,393-1978
1978.0,394,0.0,0,18,12,1,0,0,0,1,0,394-1978
1978.0,395,10361.7,0,24,11,0,0,0,1,0,0,395-1978
1978.0,396,1740.2,0,21,9,0,0,0,1,0,0,396-1978
1978.0,397,0.0,0,30,8,1,0,0,1,1,0,397-1978
1978.0,398,0.0,0,31,11,1,0,0,1,0,0,398-1978
1978.0,399,6354.19,0,17,10,0,1,0,1,0,0,399-1978
1978.0,400,7171.0,0,19,9,1,0,0,1,0,0,400-1978
1978.0,401,5573.55,0,23,11,1,0,0,1,1,0,401-1978
1978.0,402,439.688,0,22,12,1,0,0,0,0,0,402-1978
1978.0,403,16970.0,0,29,12,1,0,0,0,0,0,403-1978
1978.0,404,5344.02,0,22,10,1,0,0,1,1,0,404-1978
1978.0,405,2725.32,0,29,13,1,0,0,0,0,0,405-1978
1978.0,406,9772.28,0,19,11,1,0,0,1,0,0,406-1978
1978.0,407,0.0,0,17,9,1,0,0,1,1,0,407-1978
1978.0,408,0.0,0,18,10,1,0,0,1,0,0,408-1978
1978.0,409,1720.91,0,19,12,1,0,0,0,0,0,409-1978
1978.0,410,0.0,0,20,6,1,0,0,1,0,0,410-1978
1978.0,411,18859.9,0,33,11,1,0,0,1,0,0,411-1978
1978.0,412,1324.54,0,36,11,0,1,0,1,0,0,412-1978
1978.0,413,284.658,0,25,11,1,0,0,1,0,0,413-1978
1978.0,414,11195.9,0,19,11,1,0,0,1,0,0,414-1978
1978.0,415,0.0,0,23,8,1,0,0,1,0,0,415-1978
1978.0,416,0.0,0,17,11,1,0,0,1,0,0,416-1978
1978.0,417,7565.27,0,43,10,1,0,0,1,0,0,417-1978
1978.0,418,0.0,0,26,11,1,0,1,1,1,0,418-1978
1978.0,419,0.0,0,27,11,1,0,1,1,1,0,419-1978
1978.0,420,0.0,0,19,11,1,0,0,1,0,0,420-1978
1978.0,421,4974.59,0,28,11,1,0,1,1,0,0,421-1978
1978.0,422,12780.0,0,28,12,1,0,1,0,0,0,422-1978
1978.0,423,3523.58,0,26,8,1,0,0,1,0,0,423-1978
1978.0,424,0.0,0,31,12,1,0,0,0,1,0,424-1978
1978.0,425,10274.8,0,23,11,1,0,0,1,0,0,425-1978
1978.0,426,4779.72,0,20,12,1,0,0,0,0,0,426-1978
1978.0,427,16988.2,0,28,10,1,0,1,1,0,0,427-1978
1978.0,428,499.257,0,39,12,1,0,1,0,0,0,428-1978
1978.0,429,3083.58,0,21,8,1,0,0,1,0,0,429-1978
1978.0,430,3708.72,0,22,11,1,0,0,1,0,0,430-1978
1978.0,431,7659.22,0,20,11,1,0,0,1,0,0,431-1978
1978.0,432,20857.8,0,21,11,0,1,0,1,0,0,432-1978
1978.0,433,7078.18,0,23,12,0,1,0,0,0,0,433-1978
1978.0,434,0.0,0,29,9,1,0,0,1,0,0,434-1978
1978.0,435,1239.84,0,28,9,1,0,1,1,0,0,435-1978
1978.0,436,3982.8,0,30,11,1,0,1,1,1,0,436-1978
1978.0,437,0.0,0,25,10,1,0,1,1,0,0,437-1978
1978.0,438,0.0,0,28,11,1,0,1,1,0,0,438-1978
1978.0,439,7094.92,0,22,10,0,0,0,1,0,0,439-1978
1978.0,440,12359.3,0,44,9,1,0,1,1,0,0,440-1978
1978.0,441,0.0,0,21,9,1,0,0,1,0,0,441-1978
1978.0,442,0.0,0,28,11,1,0,0,1,0,0,442-1978
1978.0,443,16900.3,0,29,9,0,1,0,1,0,0,443-1978
1978.0,444,7343.96,0,25,9,1,0,1,1,0,0,444-1978
1978.0,445,5448.8,0,22,10,0,0,1,1,0,0,445-1978
1975.0,1,0.0,1,37,11,1,0,1,1,1,1,1-1975
1975.0,2,0.0,1,22,9,0,1,0,1,1,1,2-1975
1975.0,3,0.0,1,30,12,1,0,0,0,1,1,3-1975
1975.0,4,0.0,1,27,11,1,0,0,1,1,1,4-1975
1975.0,5,0.0,1,33,8,1,0,0,1,1,1,5-1975
1975.0,6,0.0,1,22,9,1,0,0,1,1,1,6-1975
1975.0,7,0.0,1,23,12,1,0,0,0,1,1,7-1975
1975.0,8,0.0,1,32,11,1,0,0,1,1,1,8-1975
1975.0,9,0.0,1,22,16,1,0,0,0,1,1,9-1975
1975.0,10,0.0,1,33,12,0,0,1,0,1,1,10-1975
1975.0,11,0.0,1,19,9,1,0,0,1,1,1,11-1975
1975.0,12,0.0,1,21,13,1,0,0,0,1,1,12-1975
1975.0,13,0.0,1,18,8,1,0,0,1,1,1,13-1975
1975.0,14,0.0,1,27,10,1,0,1,1,1,1,14-1975
1975.0,15,0.0,1,17,7,1,0,0,1,1,1,15-1975
1975.0,16,0.0,1,19,10,1,0,0,1,1,1,16-1975
1975.0,17,0.0,1,27,13,1,0,0,0,1,1,17-1975
1975.0,18,0.0,1,23,10,1,0,0,1,1,1,18-1975
1975.0,19,0.0,1,40,12,1,0,0,0,1,1,19-1975
1975.0,20,0.0,1,26,12,1,0,0,0,1,1,20-1975
1975.0,21,0.0,1,23,11,1,0,0,1,1,1,21-1975
1975.0,22,0.0,1,41,14,0,0,0,0,1,1,22-1975
1975.0,23,0.0,1,38,9,0,0,0,1,1,1,23-1975
1975.0,24,0.0,1,24,11,1,0,0,1,1,1,24-1975
1975.0,25,0.0,1,18,10,1,0,0,1,1,1,25-1975
1975.0,26,0.0,1,29,11,1,0,1,1,1,1,26-1975
1975.0,27,0.0,1,25,11,1,0,0,1,1,1,27-1975
1975.0,28,0.0,1,27,10,0,1,0,1,1,1,28-1975
1975.0,29,0.0,1,17,10,1,0,0,1,1,1,29-1975
1975.0,30,0.0,1,24,11,1,0,0,1,1,1,30-1975
1975.0,31,0.0,1,17,10,1,0,0,1,1,1,31-1975
1975.0,32,0.0,1,48,4,1,0,0,1,1,1,32-1975
1975.0,33,0.0,1,25,11,1,0,1,1,1,1,33-1975
1975.0,34,0.0,1,20,12,1,0,0,0,1,1,34-1975
1975.0,35,0.0,1,25,12,1,0,0,0,1,1,35-1975
1975.0,36,0.0,1,42,14,1,0,0,0,1,1,36-1975
1975.0,37,0.0,1,25,5,1,0,0,1,1,1,37-1975
1975.0,38,0.0,1,23,12,1,0,1,0,1,1,38-1975
1975.0,39,0.0,1,46,8,1,0,1,1,1,1,39-1975
1975.0,40,0.0,1,24,10,1,0,0,1,1,1,40-1975
1975.0,41,0.0,1,21,12,1,0,0,0,1,1,41-1975
1975.0,42,0.0,1,19,9,0,0,0,1,1,1,42-1975
1975.0,43,0.0,1,17,8,1,0,0,1,1,1,43-1975
1975.0,44,0.0,1,18,8,0,1,1,1,1,1,44-1975
1975.0,45,0.0,1,20,11,1,0,0,1,1,1,45-1975
1975.0,46,0.0,1,25,11,1,0,1,1,1,1,46-1975
1975.0,47,0.0,1,17,8,1,0,0,1,1,1,47-1975
1975.0,48,0.0,1,17,9,1,0,0,1,1,1,48-1975
1975.0,49,0.0,1,25,5,1,0,0,1,1,1,49-1975
1975.0,50,0.0,1,23,12,1,0,0,0,1,1,50-1975
1975.0,51,0.0,1,28,8,1,0,0,1,1,1,51-1975
1975.0,52,0.0,1,31,11,1,0,1,1,1,1,52-1975
1975.0,53,0.0,1,18,11,1,0,0,1,1,1,53-1975
1975.0,54,0.0,1,25,12,1,0,0,0,1,1,54-1975
1975.0,55,0.0,1,30,11,1,0,1,1,1,1,55-1975
1975.0,56,0.0,1,17,10,1,0,0,1,1,1,56-1975
1975.0,57,0.0,1,37,9,1,0,0,1,1,1,57-1975
1975.0,58,0.0,1,41,4,1,0,1,1,1,1,58-1975
1975.0,59,0.0,1,42,14,1,0,1,0,1,1,59-1975
1975.0,60,0.0,1,22,11,0,0,0,1,1,1,60-1975
1975.0,61,0.0,1,17,8,1,0,0,1,1,1,61-1975
1975.0,62,0.0,1,29,8,1,0,0,1,1,1,62-1975
1975.0,63,0.0,1,35,10,1,0,0,1,1,1,63-1975
1975.0,64,0.0,1,27,11,1,0,0,1,1,1,64-1975
1975.0,65,0.0,1,29,4,1,0,0,1,1,1,65-1975
1975.0,66,0.0,1,28,9,1,0,0,1,1,1,66-1975
1975.0,67,0.0,1,27,11,1,0,0,1,1,1,67-1975
1975.0,68,0.0,1,23,7,0,0,0,1,1,1,68-1975
1975.0,69,0.0,1,45,5,1,0,1,1,1,1,69-1975
1975.0,70,0.0,1,29,13,1,0,0,0,1,1,70-1975
1975.0,71,0.0,1,27,9,1,0,0,1,1,1,71-1975
1975.0,72,0.0,1,46,13,1,0,0,0,1,1,72-1975
1975.0,73,0.0,1,18,6,1,0,0,1,1,1,73-1975
1975.0,74,0.0,1,25,12,1,0,0,0,1,1,74-1975
1975.0,75,0.0,1,28,15,1,0,0,0,1,1,75-1975
1975.0,76,0.0,1,25,11,0,0,0,1,1,1,76-1975
1975.0,77,0.0,1,22,12,1,0,0,0,1,1,77-1975
1975.0,78,0.0,1,21,9,1,0,0,1,1,1,78-1975
1975.0,79,0.0,1,40,11,1,0,0,1,1,1,79-1975
1975.0,80,0.0,1,22,11,1,0,0,1,1,1,80-1975
1975.0,81,0.0,1,25,12,1,0,0,0,1,1,81-1975
1975.0,82,0.0,1,18,12,1,0,0,0,1,1,82-1975
1975.0,83,0.0,1,38,12,0,0,0,0,1,1,83-1975
1975.0,84,0.0,1,27,13,1,0,0,0,1,1,84-1975
1975.0,85,0.0,1,27,8,1,0,0,1,1,1,85-1975
1975.0,86,0.0,1,38,11,1,0,0,1,1,1,86-1975
1975.0,87,0.0,1,23,8,0,1,0,1,1,1,87-1975
1975.0,88,0.0,1,26,11,1,0,0,1,1,1,88-1975
1975.0,89,0.0,1,21,12,0,0,0,0,1,1,89-1975
1975.0,90,0.0,1,25,8,1,0,0,1,1,1,90-1975
1975.0,91,0.0,1,31,11,1,0,1,1,1,1,91-1975
1975.0,92,0.0,1,17,10,1,0,0,1,1,1,92-1975
1975.0,93,0.0,1,25,11,1,0,0,1,1,1,93-1975
1975.0,94,0.0,1,21,12,1,0,0,0,1,1,94-1975
1975.0,95,0.0,1,44,11,1,0,0,1,1,1,95-1975
1975.0,96,0.0,1,25,12,0,0,0,0,1,1,96-1975
1975.0,97,0.0,1,18,9,1,0,0,1,1,1,97-1975
1975.0,98,0.0,1,42,12,1,0,0,0,1,1,98-1975
1975.0,99,0.0,1,25,10,1,0,0,1,1,1,99-1975
1975.0,100,0.0,1,31,9,0,1,0,1,1,1,100-1975
1975.0,101,0.0,1,24,10,1,0,0,1,1,1,101-1975
1975.0,102,0.0,1,26,10,1,0,0,1,1,1,102-1975
1975.0,103,0.0,1,25,11,1,0,0,1,1,1,103-1975
1975.0,104,0.0,1,18,11,1,0,0,1,1,1,104-1975
1975.0,105,0.0,1,19,11,1,0,0,1,1,1,105-1975
1975.0,106,0.0,1,43,9,1,0,0,1,1,1,106-1975
1975.0,107,0.0,1,27,13,1,0,0,0,1,1,107-1975
1975.0,108,0.0,1,17,9,1,0,0,1,1,1,108-1975
1975.0,109,0.0,1,30,11,1,0,0,1,1,1,109-1975
1975.0,110,0.0,1,26,10,1,0,1,1,0,1,110-1975
1975.0,111,0.0,1,20,9,1,0,0,1,0,1,111-1975
1975.0,112,74.3435,1,17,9,0,1,0,1,0,0,112-1975
1975.0,113,165.208,1,20,12,1,0,0,0,0,0,113-1975
1975.0,114,214.564,1,18,11,1,0,0,1,0,0,114-1975
1975.0,115,334.049,1,27,12,1,0,1,0,0,0,115-1975
1975.0,116,334.049,1,21,12,0,0,0,0,0,0,116-1975
1975.0,117,357.95,1,27,12,1,0,0,0,0,0,117-1975
1975.0,118,377.569,1,20,12,1,0,0,0,1,0,118-1975
1975.0,119,385.274,1,19,10,1,0,0,1,1,0,119-1975
1975.0,120,501.074,1,23,12,1,0,0,0,0,0,120-1975
1975.0,121,679.673,1,29,14,1,0,0,0,1,0,121-1975
1975.0,122,798.908,1,18,10,1,0,0,1,1,0,122-1975
1975.0,123,798.908,1,19,9,1,0,0,1,1,0,123-1975
1975.0,124,853.723,1,27,13,0,0,1,0,0,0,124-1975
1975.0,125,919.558,1,18,11,0,0,0,1,0,0,125-1975
1975.0,126,934.445,1,27,9,1,0,1,1,1,0,126-1975
1975.0,127,936.177,1,22,12,1,0,0,0,0,0,127-1975
1975.0,128,936.439,1,23,10,1,0,1,1,1,0,128-1975
1975.0,129,1117.44,1,23,12,0,1,0,0,0,0,129-1975
1975.0,130,1220.84,1,20,11,1,0,0,1,0,0,130-1975
1975.0,131,1253.44,1,17,9,1,0,0,1,0,0,131-1975
1975.0,132,1284.08,1,28,11,1,0,0,1,1,0,132-1975
1975.0,133,1392.85,1,26,11,1,0,1,1,1,0,133-1975
1975.0,134,1484.99,1,20,11,1,0,0,1,0,0,134-1975
1975.0,135,1666.11,1,24,11,1,0,1,1,0,0,135-1975
1975.0,136,1698.61,1,31,9,1,0,0,1,1,0,136-1975
1975.0,137,1713.15,1,23,8,0,0,1,1,1,0,137-1975
1975.0,138,1784.27,1,18,10,1,0,0,1,0,0,138-1975
1975.0,139,1817.28,1,29,12,1,0,0,0,0,0,139-1975
1975.0,140,2226.27,1,26,11,0,0,0,1,1,0,140-1975
1975.0,141,2288.68,1,24,9,1,0,0,1,0,0,141-1975
1975.0,142,2409.27,1,25,12,1,0,0,0,0,0,142-1975
1975.0,143,2421.95,1,24,10,1,0,0,1,0,0,143-1975
1975.0,144,2594.72,1,46,8,1,0,0,1,0,0,144-1975
1975.0,145,2611.22,1,31,12,0,0,0,0,1,0,145-1975
1975.0,146,2615.28,1,19,11,1,0,0,1,0,0,146-1975
1975.0,147,2657.06,1,19,8,1,0,0,1,1,0,147-1975
1975.0,148,2666.27,1,27,11,1,0,0,1,0,0,148-1975
1975.0,149,2754.65,1,26,11,1,0,1,1,1,0,149-1975
1975.0,150,2777.36,1,20,10,1,0,0,1,0,0,150-1975
1975.0,151,2836.51,1,28,10,1,0,0,1,1,0,151-1975
1975.0,152,2842.76,1,24,12,1,0,0,0,0,0,152-1975
1975.0,153,2937.26,1,19,8,1,0,0,1,0,0,153-1975
1975.0,154,3039.96,1,23,12,1,0,0,0,0,0,154-1975
1975.0,155,3058.53,1,42,9,1,0,1,1,1,0,155-1975
1975.0,156,3090.73,1,25,13,1,0,0,0,0,0,156-1975
1975.0,157,3287.38,1,18,9,1,0,0,1,1,0,157-1975
1975.0,158,3332.41,1,21,12,1,0,0,0,0,0,158-1975
1975.0,159,3550.08,1,27,10,1,0,0,1,0,0,159-1975
1975.0,160,3695.9,1,21,8,1,0,0,1,0,0,160-1975
1975.0,161,3836.99,1,22,9,1,0,0,1,0,0,161-1975
1975.0,162,4023.21,1,31,4,1,0,0,1,0,0,162-1975
1975.0,163,4078.15,1,24,10,1,0,1,1,0,0,163-1975
1975.0,164,4398.95,1,29,10,1,0,0,1,1,0,164-1975
1975.0,165,4878.94,1,29,12,1,0,0,0,0,0,165-1975
1975.0,166,5324.11,1,19,10,0,0,0,1,1,0,166-1975
1975.0,167,5463.8,1,19,11,0,1,1,1,0,0,167-1975
1975.0,168,5517.84,1,31,9,1,0,0,1,0,0,168-1975
1975.0,169,5588.66,1,22,10,1,0,1,1,0,0,169-1975
1975.0,170,5749.33,1,21,9,1,0,0,1,0,0,170-1975
1975.0,171,5793.85,1,17,10,1,0,0,1,0,0,171-1975
1975.0,172,5794.83,1,26,12,1,0,1,0,0,0,172-1975
1975.0,173,5875.05,1,20,9,0,1,0,1,0,0,173-1975
1975.0,174,6056.75,1,19,10,1,0,0,1,0,0,174-1975
1975.0,175,6788.96,1,26,10,1,0,0,1,0,0,175-1975
1975.0,176,6871.86,1,28,11,1,0,0,1,0,0,176-1975
1975.0,177,7055.7,1,22,12,0,1,1,0,0,0,177-1975
1975.0,178,7867.92,1,33,11,1,0,0,1,1,0,178-1975
1975.0,179,8455.5,1,22,12,0,0,0,0,0,0,179-1975
1975.0,180,8853.67,1,29,10,0,1,0,1,1,0,180-1975
1975.0,181,10941.4,1,33,12,1,0,1,0,0,0,181-1975
1975.0,182,11536.6,1,25,14,1,0,1,0,0,0,182-1975
1975.0,183,13830.6,1,35,9,1,0,1,1,0,0,183-1975
1975.0,184,17976.2,1,35,8,1,0,1,1,0,0,184-1975
1975.0,185,25142.2,1,33,11,1,0,1,1,0,0,185-1975
1975.0,186,0.0,0,23,10,1,0,0,1,1,1,186-1975
1975.0,187,0.0,0,26,12,0,0,0,0,1,1,187-1975
1975.0,188,0.0,0,22,9,1,0,0,1,1,1,188-1975
1975.0,189,0.0,0,18,9,1,0,0,1,1,1,189-1975
1975.0,190,0.0,0,45,11,1,0,0,1,1,1,190-1975
1975.0,191,0.0,0,18,9,1,0,0,1,1,1,191-1975
1975.0,192,0.0,0,24,8,0,0,0,1,1,1,192-1975
1975.0,193,0.0,0,34,11,1,0,1,1,1,1,193-1975
1975.0,194,0.0,0,24,4,0,1,0,1,1,1,194-1975
1975.0,195,0.0,0,36,10,1,0,0,1,1,1,195-1975
1975.0,196,0.0,0,21,14,1,0,0,0,1,1,196-1975
1975.0,197,0.0,0,28,9,1,0,0,1,1,1,197-1975
1975.0,198,0.0,0,27,7,1,0,1,1,1,1,198-1975
1975.0,199,0.0,0,19,11,0,0,0,1,1,1,199-1975
1975.0,200,0.0,0,20,8,1,0,0,1,1,1,200-1975
1975.0,201,0.0,0,34,12,1,0,0,0,1,1,201-1975
1975.0,202,0.0,0,24,10,1,0,0,1,1,1,202-1975
1975.0,203,0.0,0,22,8,0,1,0,1,1,1,203-1975
1975.0,204,0.0,0,25,11,1,0,0,1,1,1,204-1975
1975.0,205,0.0,0,39,9,1,0,0,1,1,1,205-1975
1975.0,206,0.0,0,19,9,1,0,1,1,1,1,206-1975
1975.0,207,0.0,0,44,9,1,0,0,1,1,1,207-1975
1975.0,208,0.0,0,27,8,1,0,0,1,1,1,208-1975
1975.0,209,0.0,0,25,8,1,0,0,1,1,1,209-1975
1975.0,210,0.0,0,31,10,1,0,0,1,1,1,210-1975
1975.0,211,0.0,0,34,10,1,0,1,1,1,1,211-1975
1975.0,212,0.0,0,21,7,0,1,0,1,1,1,212-1975
1975.0,213,0.0,0,33,12,1,0,0,0,1,1,213-1975
1975.0,214,0.0,0,18,10,0,1,0,1,1,1,214-1975
1975.0,215,0.0,0,26,12,1,0,1,0,1,1,215-1975
1975.0,216,0.0,0,31,12,1,0,0,0,1,1,216-1975
1975.0,217,0.0,0,35,10,1,0,0,1,1,1,217-1975
1975.0,218,0.0,0,20,12,1,0,0,0,1,1,218-1975
1975.0,219,0.0,0,25,11,1,0,0,1,1,1,219-1975
1975.0,220,0.0,0,25,10,1,0,0,1,1,1,220-1975
1975.0,221,0.0,0,35,11,1,0,0,1,1,1,221-1975
1975.0,222,0.0,0,20,10,1,0,0,1,1,1,222-1975
1975.0,223,0.0,0,25,9,0,1,0,1,1,1,223-1975
1975.0,224,0.0,0,27,10,1,0,0,1,1,1,224-1975
1975.0,225,0.0,0,20,11,0,1,0,1,1,1,225-1975
1975.0,226,0.0,0,26,11,1,0,0,1,1,1,226-1975
1975.0,227,0.0,0,38,8,1,0,0,1,1,1,227-1975
1975.0,228,0.0,0,34,10,1,0,0,1,1,1,228-1975
1975.0,229,0.0,0,19,12,1,0,0,0,1,1,229-1975
1975.0,230,0.0,0,32,8,1,0,0,1,1,1,230-1975
1975.0,231,0.0,0,20,9,0,1,0,1,1,1,231-1975
1975.0,232,0.0,0,23,10,1,0,0,1,1,1,232-1975
1975.0,233,0.0,0,38,10,1,0,0,1,1,1,233-1975
1975.0,234,0.0,0,24,11,1,0,0,1,1,1,234-1975
1975.0,235,0.0,0,23,11,1,0,0,1,1,1,235-1975
1975.0,236,0.0,0,20,7,0,1,0,1,1,1,236-1975
1975.0,237,0.0,0,21,11,1,0,0,1,1,1,237-1975
1975.0,238,0.0,0,25,10,1,0,0,1,1,1,238-1975
1975.0,239,0.0,0,22,11,1,0,1,1,1,1,239-1975
1975.0,240,0.0,0,23,11,1,0,0,1,1,1,240-1975
1975.0,241,0.0,0,24,12,0,0,0,0,1,1,241-1975
1975.0,242,0.0,0,29,11,1,0,0,1,1,1,242-1975
1975.0,243,0.0,0,24,11,1,0,0,1,1,1,243-1975
1975.0,244,0.0,0,22,9,1,0,0,1,1,1,244-1975
1975.0,245,0.0,0,28,11,1,0,0,1,1,1,245-1975
1975.0,246,0.0,0,18,10,0,1,0,1,1,1,246-1975
1975.0,247,0.0,0,26,10,1,0,0,1,1,1,247-1975
1975.0,248,0.0,0,25,10,1,0,0,1,1,1,248-1975
1975.0,249,0.0,0,24,10,1,0,0,1,1,1,249-1975
1975.0,250,0.0,0,26,5,1,0,0,1,1,1,250-1975
1975.0,251,0.0,0,36,10,1,0,0,1,1,1,251-1975
1975.0,252,0.0,0,22,11,1,0,0,1,1,1,252-1975
1975.0,253,0.0,0,25,12,1,0,0,0,1,1,253-1975
1975.0,254,0.0,0,27,11,1,0,0,1,1,1,254-1975
1975.0,255,0.0,0,29,8,1,0,0,1,1,1,255-1975
1975.0,256,0.0,0,24,12,1,0,0,0,1,1,256-1975
1975.0,257,0.0,0,22,10,1,0,0,1,1,1,257-1975
1975.0,258,0.0,0,24,7,1,0,0,1,1,1,258-1975
1975.0,259,0.0,0,29,12,1,0,0,0,1,1,259-1975
1975.0,260,0.0,0,25,11,0,1,1,1,1,1,260-1975
1975.0,261,0.0,0,30,12,1,0,0,0,1,1,261-1975
1975.0,262,0.0,0,22,8,1,0,0,1,1,1,262-1975
1975.0,263,0.0,0,55,3,1,0,0,1,1,1,263-1975
1975.0,264,0.0,0,20,10,1,0,0,1,1,1,264-1975
1975.0,265,0.0,0,34,11,1,0,0,1,1,1,265-1975
1975.0,266,0.0,0,22,12,1,0,0,0,1,1,266-1975
1975.0,267,0.0,0,32,12,0,1,1,0,1,1,267-1975
1975.0,268,0.0,0,31,10,1,0,0,1,1,1,268-1975
1975.0,269,0.0,0,18,9,1,0,0,1,1,1,269-1975
1975.0,270,0.0,0,50,10,0,1,0,1,1,1,270-1975
1975.0,271,0.0,0,25,11,1,0,1,1,1,1,271-1975
1975.0,272,0.0,0,23,10,1,0,1,1,1,1,272-1975
1975.0,273,0.0,0,38,10,1,0,0,1,1,1,273-1975
1975.0,274,0.0,0,25,10,1,0,1,1,1,1,274-1975
1975.0,275,0.0,0,42,10,1,0,0,1,1,1,275-1975
1975.0,276,0.0,0,39,12,1,0,1,0,1,1,276-1975
1975.0,277,0.0,0,34,13,1,0,1,0,1,1,277-1975
1975.0,278,0.0,0,24,7,1,0,0,1,1,1,278-1975
1975.0,279,0.0,0,32,11,1,0,0,1,1,1,279-1975
1975.0,280,0.0,0,27,13,1,0,0,0,1,1,280-1975
1975.0,281,0.0,0,26,10,1,0,0,1,1,1,281-1975
1975.0,282,0.0,0,44,11,1,0,0,1,1,1,282-1975
1975.0,283,0.0,0,25,11,1,0,0,1,1,1,283-1975
1975.0,284,0.0,0,25,12,1,0,0,0,1,1,284-1975
1975.0,285,0.0,0,28,12,1,0,1,0,1,1,285-1975
1975.0,286,0.0,0,32,10,1,0,0,1,1,1,286-1975
1975.0,287,0.0,0,22,10,1,0,0,1,1,1,287-1975
1975.0,288,0.0,0,19,9,1,0,0,1,1,1,288-1975
1975.0,289,0.0,0,31,10,1,0,1,1,1,1,289-1975
1975.0,290,0.0,0,23,11,1,0,0,1,1,1,290-1975
1975.0,291,0.0,0,33,11,1,0,0,1,1,1,291-1975
1975.0,292,0.0,0,27,10,1,0,0,1,1,1,292-1975
1975.0,293,0.0,0,29,11,1,0,1,1,1,1,293-1975
1975.0,294,0.0,0,23,10,1,0,0,1,1,1,294-1975
1975.0,295,0.0,0,25,9,1,0,1,1,1,1,295-1975
1975.0,296,0.0,0,25,10,1,0,0,1,1,1,296-1975
1975.0,297,0.0,0,24,10,1,0,0,1,1,1,297-1975
1975.0,298,0.0,0,28,8,0,0,0,1,1,1,298-1975
1975.0,299,0.0,0,26,6,1,0,0,1,1,1,299-1975
1975.0,300,0.0,0,30,14,1,0,1,0,1,1,300-1975
1975.0,301,0.0,0,25,10,1,0,1,1,1,1,301-1975
1975.0,302,0.0,0,29,11,1,0,1,1,1,1,302-1975
1975.0,303,0.0,0,25,12,1,0,1,0,1,1,303-1975
1975.0,304,0.0,0,28,13,1,0,0,0,1,1,304-1975
1975.0,305,0.0,0,23,11,1,0,0,1,1,1,305-1975
1975.0,306,0.0,0,54,11,1,0,0,1,1,1,306-1975
1975.0,307,0.0,0,33,5,0,1,0,1,1,1,307-1975
1975.0,308,0.0,0,20,8,1,0,0,1,1,1,308-1975
1975.0,309,0.0,0,45,9,1,0,0,1,1,1,309-1975
1975.0,310,0.0,0,39,6,1,0,0,1,1,1,310-1975
1975.0,311,0.0,0,26,12,1,0,0,0,1,1,311-1975
1975.0,312,0.0,0,23,10,1,0,0,1,1,1,312-1975
1975.0,313,0.0,0,27,12,0,0,0,0,1,1,313-1975
1975.0,314,0.0,0,33,9,0,1,1,1,1,1,314-1975
1975.0,315,0.0,0,25,10,1,0,1,1,1,1,315-1975
1975.0,316,0.0,0,23,8,1,0,0,1,1,1,316-1975
1975.0,317,0.0,0,18,8,1,0,0,1,1,1,317-1975
1975.0,318,0.0,0,17,8,1,0,0,1,1,1,318-1975
1975.0,319,0.0,0,19,9,0,1,0,1,1,1,319-1975
1975.0,320,0.0,0,18,8,0,1,0,1,1,1,320-1975
1975.0,321,0.0,0,18,11,1,0,0,1,1,1,321-1975
1975.0,322,0.0,0,17,11,1,0,0,1,1,1,322-1975
1975.0,323,0.0,0,19,10,1,0,0,1,1,1,323-1975
1975.0,324,0.0,0,19,10,1,0,0,1,1,1,324-1975
1975.0,325,0.0,0,18,9,1,0,0,1,1,1,325-1975
1975.0,326,0.0,0,18,9,1,0,0,1,1,1,326-1975
1975.0,327,0.0,0,18,10,1,0,0,1,1,1,327-1975
1975.0,328,0.0,0,17,10,1,0,0,1,1,1,328-1975
1975.0,329,0.0,0,18,7,1,0,0,1,1,1,329-1975
1975.0,330,0.0,0,18,11,1,0,0,1,1,1,330-1975
1975.0,331,0.0,0,19,10,0,1,0,1,1,1,331-1975
1975.0,332,0.0,0,18,9,1,0,0,1,1,1,332-1975
1975.0,333,0.0,0,17,10,1,0,0,1,1,1,333-1975
1975.0,334,0.0,0,17,10,1,0,0,1,1,1,334-1975
1975.0,335,0.0,0,19,11,1,0,0,1,1,1,335-1975
1975.0,336,0.0,0,17,8,0,0,0,1,1,1,336-1975
1975.0,337,0.0,0,18,10,1,0,0,1,1,1,337-1975
1975.0,338,0.0,0,18,9,1,0,0,1,1,1,338-1975
1975.0,339,0.0,0,17,8,1,0,0,1,1,1,339-1975
1975.0,340,0.0,0,19,6,0,1,0,1,1,1,340-1975
1975.0,341,0.0,0,19,10,0,0,0,1,1,1,341-1975
1975.0,342,0.0,0,17,11,0,0,0,1,1,1,342-1975
1975.0,343,0.0,0,20,9,1,0,0,1,1,1,343-1975
1975.0,344,0.0,0,17,9,1,0,0,1,1,1,344-1975
1975.0,345,0.0,0,17,10,1,0,0,1,1,1,345-1975
1975.0,346,0.0,0,17,9,1,0,0,1,1,1,346-1975
1975.0,347,0.0,0,19,11,1,0,0,1,1,1,347-1975
1975.0,348,0.0,0,19,10,1,0,1,1,1,1,348-1975
1975.0,349,0.0,0,20,9,1,0,0,1,1,1,349-1975
1975.0,350,0.0,0,18,9,1,0,0,1,1,1,350-1975
1975.0,351,0.0,0,18,11,1,0,0,1,1,1,351-1975
1975.0,352,0.0,0,17,10,0,1,0,1,1,1,352-1975
1975.0,353,0.0,0,19,11,1,0,0,1,1,1,353-1975
1975.0,354,0.0,0,17,10,1,0,0,1,1,1,354-1975
1975.0,355,0.0,0,17,9,0,1,0,1,1,1,355-1975
1975.0,356,0.0,0,18,10,1,0,0,1,1,1,356-1975
1975.0,357,0.0,0,21,9,1,0,0,1,0,1,357-1975
1975.0,358,0.0,0,18,10,1,0,0,1,0,1,358-1975
1975.0,359,0.0,0,19,11,1,0,0,1,0,1,359-1975
1975.0,360,0.0,0,24,9,1,0,0,1,0,1,360-1975
1975.0,361,0.0,0,28,11,0,1,1,1,0,1,361-1975
1975.0,362,0.0,0,25,11,1,0,0,1,0,1,362-1975
1975.0,363,0.0,0,21,7,1,0,0,1,0,1,363-1975
1975.0,364,83.6896,0,39,11,1,0,0,1,1,0,364-1975
1975.0,365,142.397,0,36,12,1,0,0,0,1,0,365-1975
1975.0,366,159.885,0,24,12,1,0,0,0,1,0,366-1975
1975.0,367,165.208,0,17,11,1,0,0,1,0,0,367-1975
1975.0,368,240.107,0,18,10,1,0,0,1,0,0,368-1975
1975.0,369,273.553,0,18,10,1,0,0,1,1,0,369-1975
1975.0,370,367.823,0,28,10,1,0,0,1,0,0,370-1975
1975.0,371,474.502,0,27,13,0,0,0,0,0,0,371-1975
1975.0,372,494.643,0,31,12,0,0,0,0,1,0,372-1975
1975.0,373,506.408,0,22,9,1,0,0,1,1,0,373-1975
1975.0,374,520.446,0,31,10,1,0,0,1,1,0,374-1975
1975.0,375,558.773,0,26,10,1,0,1,1,0,0,375-1975
1975.0,376,559.596,0,18,9,0,0,0,1,1,0,376-1975
1975.0,377,580.79,0,23,11,1,0,0,1,0,0,377-1975
1975.0,378,591.815,0,20,12,1,0,0,0,1,0,378-1975
1975.0,379,604.154,0,19,10,1,0,0,1,1,0,379-1975
1975.0,380,645.272,0,18,11,1,0,0,1,0,0,380-1975
1975.0,381,664.569,0,17,10,1,0,0,1,1,0,381-1975
1975.0,382,752.39,0,27,12,1,0,1,0,1,0,382-1975
1975.0,383,766.299,0,27,11,1,0,0,1,0,0,383-1975
1975.0,384,803.343,0,28,12,0,0,0,0,1,0,384-1975
1975.0,385,863.48,0,28,11,1,0,0,1,0,0,385-1975
1975.0,386,1162.36,0,21,10,1,0,0,1,0,0,386-1975
1975.0,387,1168.9,0,17,10,0,1,0,1,0,0,387-1975
1975.0,388,1174.99,0,26,11,1,0,0,1,0,0,388-1975
1975.0,389,1203.82,0,29,9,1,0,0,1,1,0,389-1975
1975.0,390,1239.63,0,17,10,0,1,0,1,0,0,390-1975
1975.0,391,1321.66,0,22,11,1,0,0,1,0,0,391-1975
1975.0,392,1327.99,0,24,11,1,0,0,1,1,0,392-1975
1975.0,393,1371.47,0,20,12,1,0,0,0,0,0,393-1975
1975.0,394,1405.51,0,18,12,1,0,0,0,1,0,394-1975
1975.0,395,1468.38,0,24,11,0,0,0,1,0,0,395-1975
1975.0,396,1577.17,0,21,9,0,0,0,1,0,0,396-1975
1975.0,397,1706.66,0,30,8,1,0,0,1,1,0,397-1975
1975.0,398,1726.45,0,31,11,1,0,0,1,0,0,398-1975
1975.0,399,1734.56,0,17,10,0,1,0,1,0,0,399-1975
1975.0,400,1778.09,0,19,9,1,0,0,1,0,0,400-1975
1975.0,401,1896.02,0,23,11,1,0,0,1,1,0,401-1975
1975.0,402,2003.68,0,22,12,1,0,0,0,0,0,402-1975
1975.0,403,2080.21,0,29,12,1,0,0,0,0,0,403-1975
1975.0,404,2174.96,0,22,10,1,0,0,1,1,0,404-1975
1975.0,405,2265.58,0,29,13,1,0,0,0,0,0,405-1975
1975.0,406,2445.59,0,19,11,1,0,0,1,0,0,406-1975
1975.0,407,2595.27,0,17,9,1,0,0,1,1,0,407-1975
1975.0,408,2682.13,0,18,10,1,0,0,1,0,0,408-1975
1975.0,409,2814.2,0,19,12,1,0,0,0,0,0,409-1975
1975.0,410,2850.61,0,20,6,1,0,0,1,0,0,410-1975
1975.0,411,2899.82,0,33,11,1,0,0,1,0,0,411-1975
1975.0,412,3063.88,0,36,11,0,1,0,1,0,0,412-1975
1975.0,413,3072.73,0,25,11,1,0,0,1,0,0,413-1975
1975.0,414,3285.68,0,19,11,1,0,0,1,0,0,414-1975
1975.0,415,3403.06,0,23,8,1,0,0,1,0,0,415-1975
1975.0,416,3796.03,0,17,11,1,0,0,1,0,0,416-1975
1975.0,417,4128.44,0,43,10,1,0,0,1,0,0,417-1975
1975.0,418,4184.73,0,26,11,1,0,1,1,1,0,418-1975
1975.0,419,4491.88,0,27,11,1,0,1,1,1,0,419-1975
1975.0,420,4503.06,0,19,11,1,0,0,1,0,0,420-1975
1975.0,421,5393.9,0,28,11,1,0,1,1,0,0,421-1975
1975.0,422,5551.46,0,28,12,1,0,1,0,0,0,422-1975
1975.0,423,5562.6,0,26,8,1,0,0,1,0,0,423-1975
1975.0,424,5613.91,0,31,12,1,0,0,0,1,0,424-1975
1975.0,425,5716.41,0,23,11,1,0,0,1,0,0,425-1975
1975.0,426,6004.73,0,20,12,1,0,0,0,0,0,426-1975
1975.0,427,6449.48,0,28,10,1,0,1,1,0,0,427-1975
1975.0,428,6608.14,0,39,12,1,0,1,0,0,0,428-1975
1975.0,429,6608.3,0,21,8,1,0,0,1,0,0,429-1975
1975.0,430,6974.48,0,22,11,1,0,0,1,0,0,430-1975
1975.0,431,7666.88,0,20,11,1,0,0,1,0,0,431-1975
1975.0,432,8920.47,0,21,11,0,1,0,1,0,0,432-1975
1975.0,433,8960.68,0,23,12,0,1,0,0,0,0,433-1975
1975.0,434,9160.69,0,29,9,1,0,0,1,0,0,434-1975
1975.0,435,9210.45,0,28,9,1,0,1,1,0,0,435-1975
1975.0,436,9311.94,0,30,11,1,0,1,1,1,0,436-1975
1975.0,437,9319.44,0,25,10,1,0,1,1,0,0,437-1975
1975.0,438,10033.9,0,28,11,1,0,1,1,0,0,438-1975
1975.0,439,10598.7,0,22,10,0,0,0,1,0,0,439-1975
1975.0,440,10857.2,0,44,9,1,0,1,1,0,0,440-1975
1975.0,441,12357.2,0,21,9,1,0,0,1,0,0,441-1975
1975.0,442,13371.3,0,28,11,1,0,0,1,0,0,442-1975
1975.0,443,16341.2,0,29,9,0,1,0,1,0,0,443-1975
1975.0,444,16946.6,0,25,9,1,0,1,1,0,0,444-1975
1975.0,445,23032.0,0,22,10,0,0,1,1,0,0,445-1975
1974.0,1,0.0,1,37,11,1,0,1,1,1,1,1-1974
1974.0,2,0.0,1,22,9,0,1,0,1,1,1,2-1974
1974.0,3,0.0,1,30,12,1,0,0,0,1,1,3-1974
1974.0,4,0.0,1,27,11,1,0,0,1,1,1,4-1974
1974.0,5,0.0,1,33,8,1,0,0,1,1,1,5-1974
1974.0,6,0.0,1,22,9,1,0,0,1,1,1,6-1974
1974.0,7,0.0,1,23,12,1,0,0,0,1,1,7-1974
1974.0,8,0.0,1,32,11,1,0,0,1,1,1,8-1974
1974.0,9,0.0,1,22,16,1,0,0,0,1,1,9-1974
1974.0,10,0.0,1,33,12,0,0,1,0,1,1,10-1974
1974.0,11,0.0,1,19,9,1,0,0,1,1,1,11-1974
1974.0,12,0.0,1,21,13,1,0,0,0,1,1,12-1974
1974.0,13,0.0,1,18,8,1,0,0,1,1,1,13-1974
1974.0,14,0.0,1,27,10,1,0,1,1,1,1,14-1974
1974.0,15,0.0,1,17,7,1,0,0,1,1,1,15-1974
1974.0,16,0.0,1,19,10,1,0,0,1,1,1,16-1974
1974.0,17,0.0,1,27,13,1,0,0,0,1,1,17-1974
1974.0,18,0.0,1,23,10,1,0,0,1,1,1,18-1974
1974.0,19,0.0,1,40,12,1,0,0,0,1,1,19-1974
1974.0,20,0.0,1,26,12,1,0,0,0,1,1,20-1974
1974.0,21,0.0,1,23,11,1,0,0,1,1,1,21-1974
1974.0,22,0.0,1,41,14,0,0,0,0,1,1,22-1974
1974.0,23,0.0,1,38,9,0,0,0,1,1,1,23-1974
1974.0,24,0.0,1,24,11,1,0,0,1,1,1,24-1974
1974.0,25,0.0,1,18,10,1,0,0,1,1,1,25-1974
1974.0,26,0.0,1,29,11,1,0,1,1,1,1,26-1974
1974.0,27,0.0,1,25,11,1,0,0,1,1,1,27-1974
1974.0,28,0.0,1,27,10,0,1,0,1,1,1,28-1974
1974.0,29,0.0,1,17,10,1,0,0,1,1,1,29-1974
1974.0,30,0.0,1,24,11,1,0,0,1,1,1,30-1974
1974.0,31,0.0,1,17,10,1,0,0,1,1,1,31-1974
1974.0,32,0.0,1,48,4,1,0,0,1,1,1,32-1974
1974.0,33,0.0,1,25,11,1,0,1,1,1,1,33-1974
1974.0,34,0.0,1,20,12,1,0,0,0,1,1,34-1974
1974.0,35,0.0,1,25,12,1,0,0,0,1,1,35-1974
1974.0,36,0.0,1,42,14,1,0,0,0,1,1,36-1974
1974.0,37,0.0,1,25,5,1,0,0,1,1,1,37-1974
1974.0,38,0.0,1,23,12,1,0,1,0,1,1,38-1974
1974.0,39,0.0,1,46,8,1,0,1,1,1,1,39-1974
1974.0,40,0.0,1,24,10,1,0,0,1,1,1,40-1974
1974.0,41,0.0,1,21,12,1,0,0,0,1,1,41-1974
1974.0,42,0.0,1,19,9,0,0,0,1,1,1,42-1974
1974.0,43,0.0,1,17,8,1,0,0,1,1,1,43-1974
1974.0,44,0.0,1,18,8,0,1,1,1,1,1,44-1974
1974.0,45,0.0,1,20,11,1,0,0,1,1,1,45-1974
1974.0,46,0.0,1,25,11,1,0,1,1,1,1,46-1974
1974.0,47,0.0,1,17,8,1,0,0,1,1,1,47-1974
1974.0,48,0.0,1,17,9,1,0,0,1,1,1,48-1974
1974.0,49,0.0,1,25,5,1,0,0,1,1,1,49-1974
1974.0,50,0.0,1,23,12,1,0,0,0,1,1,50-1974
1974.0,51,0.0,1,28,8,1,0,0,1,1,1,51-1974
1974.0,52,0.0,1,31,11,1,0,1,1,1,1,52-1974
1974.0,53,0.0,1,18,11,1,0,0,1,1,1,53-1974
1974.0,54,0.0,1,25,12,1,0,0,0,1,1,54-1974
1974.0,55,0.0,1,30,11,1,0,1,1,1,1,55-1974
1974.0,56,0.0,1,17,10,1,0,0,1,1,1,56-1974
1974.0,57,0.0,1,37,9,1,0,0,1,1,1,57-1974
1974.0,58,0.0,1,41,4,1,0,1,1,1,1,58-1974
1974.0,59,0.0,1,42,14,1,0,1,0,1,1,59-1974
1974.0,60,0.0,1,22,11,0,0,0,1,1,1,60-1974
1974.0,61,0.0,1,17,8,1,0,0,1,1,1,61-1974
1974.0,62,0.0,1,29,8,1,0,0,1,1,1,62-1974
1974.0,63,0.0,1,35,10,1,0,0,1,1,1,63-1974
1974.0,64,0.0,1,27,11,1,0,0,1,1,1,64-1974
1974.0,65,0.0,1,29,4,1,0,0,1,1,1,65-1974
1974.0,66,0.0,1,28,9,1,0,0,1,1,1,66-1974
1974.0,67,0.0,1,27,11,1,0,0,1,1,1,67-1974
1974.0,68,0.0,1,23,7,0,0,0,1,1,1,68-1974
1974.0,69,0.0,1,45,5,1,0,1,1,1,1,69-1974
1974.0,70,0.0,1,29,13,1,0,0,0,1,1,70-1974
1974.0,71,0.0,1,27,9,1,0,0,1,1,1,71-1974
1974.0,72,0.0,1,46,13,1,0,0,0,1,1,72-1974
1974.0,73,0.0,1,18,6,1,0,0,1,1,1,73-1974
1974.0,74,0.0,1,25,12,1,0,0,0,1,1,74-1974
1974.0,75,0.0,1,28,15,1,0,0,0,1,1,75-1974
1974.0,76,0.0,1,25,11,0,0,0,1,1,1,76-1974
1974.0,77,0.0,1,22,12,1,0,0,0,1,1,77-1974
1974.0,78,0.0,1,21,9,1,0,0,1,1,1,78-1974
1974.0,79,0.0,1,40,11,1,0,0,1,1,1,79-1974
1974.0,80,0.0,1,22,11,1,0,0,1,1,1,80-1974
1974.0,81,0.0,1,25,12,1,0,0,0,1,1,81-1974
1974.0,82,0.0,1,18,12,1,0,0,0,1,1,82-1974
1974.0,83,0.0,1,38,12,0,0,0,0,1,1,83-1974
1974.0,84,0.0,1,27,13,1,0,0,0,1,1,84-1974
1974.0,85,0.0,1,27,8,1,0,0,1,1,1,85-1974
1974.0,86,0.0,1,38,11,1,0,0,1,1,1,86-1974
1974.0,87,0.0,1,23,8,0,1,0,1,1,1,87-1974
1974.0,88,0.0,1,26,11,1,0,0,1,1,1,88-1974
1974.0,89,0.0,1,21,12,0,0,0,0,1,1,89-1974
1974.0,90,0.0,1,25,8,1,0,0,1,1,1,90-1974
1974.0,91,0.0,1,31,11,1,0,1,1,1,1,91-1974
1974.0,92,0.0,1,17,10,1,0,0,1,1,1,92-1974
1974.0,93,0.0,1,25,11,1,0,0,1,1,1,93-1974
1974.0,94,0.0,1,21,12,1,0,0,0,1,1,94-1974
1974.0,95,0.0,1,44,11,1,0,0,1,1,1,95-1974
1974.0,96,0.0,1,25,12,0,0,0,0,1,1,96-1974
1974.0,97,0.0,1,18,9,1,0,0,1,1,1,97-1974
1974.0,98,0.0,1,42,12,1,0,0,0,1,1,98-1974
1974.0,99,0.0,1,25,10,1,0,0,1,1,1,99-1974
1974.0,100,0.0,1,31,9,0,1,0,1,1,1,100-1974
1974.0,101,0.0,1,24,10,1,0,0,1,1,1,101-1974
1974.0,102,0.0,1,26,10,1,0,0,1,1,1,102-1974
1974.0,103,0.0,1,25,11,1,0,0,1,1,1,103-1974
1974.0,104,0.0,1,18,11,1,0,0,1,1,1,104-1974
1974.0,105,0.0,1,19,11,1,0,0,1,1,1,105-1974
1974.0,106,0.0,1,43,9,1,0,0,1,1,1,106-1974
1974.0,107,0.0,1,27,13,1,0,0,0,1,1,107-1974
1974.0,108,0.0,1,17,9,1,0,0,1,1,1,108-1974
1974.0,109,0.0,1,30,11,1,0,0,1,1,1,109-1974
1974.0,110,2028.0,1,26,10,1,0,1,1,0,1,110-1974
1974.0,111,6083.99,1,20,9,1,0,0,1,0,1,111-1974
1974.0,112,445.17,1,17,9,0,1,0,1,0,0,112-1974
1974.0,113,989.268,1,20,12,1,0,0,0,0,0,113-1974
1974.0,114,858.254,1,18,11,1,0,0,1,0,0,114-1974
1974.0,115,3670.87,1,27,12,1,0,1,0,0,0,115-1974
1974.0,116,3670.87,1,21,12,0,0,0,0,0,0,116-1974
1974.0,117,2143.41,1,27,12,1,0,0,0,0,0,117-1974
1974.0,118,0.0,1,20,12,1,0,0,0,1,0,118-1974
1974.0,119,0.0,1,19,10,1,0,0,1,1,0,119-1974
1974.0,120,5506.31,1,23,12,1,0,0,0,0,0,120-1974
1974.0,121,0.0,1,29,14,1,0,0,0,1,0,121-1974
1974.0,122,0.0,1,18,10,1,0,0,1,1,0,122-1974
1974.0,123,0.0,1,19,9,1,0,0,1,1,0,123-1974
1974.0,124,9381.57,1,27,13,0,0,1,0,0,0,124-1974
1974.0,125,3678.23,1,18,11,0,0,0,1,0,0,125-1974
1974.0,126,0.0,1,27,9,1,0,1,1,1,0,126-1974
1974.0,127,5605.85,1,22,12,1,0,0,0,0,0,127-1974
1974.0,128,0.0,1,23,10,1,0,1,1,1,0,128-1974
1974.0,129,9385.74,1,23,12,0,1,0,0,0,0,129-1974
1974.0,130,3637.5,1,20,11,1,0,0,1,0,0,130-1974
1974.0,131,1716.51,1,17,9,1,0,0,1,0,0,131-1974
1974.0,132,0.0,1,28,11,1,0,0,1,1,0,132-1974
1974.0,133,0.0,1,26,11,1,0,1,1,1,0,133-1974
1974.0,134,16318.6,1,20,11,1,0,0,1,0,0,134-1974
1974.0,135,824.389,1,24,11,1,0,1,1,0,0,135-1974
1974.0,136,0.0,1,31,9,1,0,0,1,1,0,136-1974
1974.0,137,0.0,1,23,8,0,0,1,1,1,0,137-1974
1974.0,138,2143.41,1,18,10,1,0,0,1,0,0,138-1974
1974.0,139,10881.9,1,29,12,1,0,0,0,0,0,139-1974
1974.0,140,0.0,1,26,11,0,0,0,1,1,0,140-1974
1974.0,141,9154.7,1,24,9,1,0,0,1,0,0,141-1974
1974.0,142,14426.8,1,25,12,1,0,0,0,0,0,142-1974
1974.0,143,4250.4,1,24,10,1,0,0,1,0,0,143-1974
1974.0,144,3165.66,1,46,8,1,0,0,1,0,0,144-1974
1974.0,145,0.0,1,31,12,0,0,0,0,1,0,145-1974
1974.0,146,2305.03,1,19,11,1,0,0,1,0,0,146-1974
1974.0,147,0.0,1,19,8,1,0,0,1,1,0,147-1974
1974.0,148,2206.94,1,27,11,1,0,0,1,0,0,148-1974
1974.0,149,0.0,1,26,11,1,0,1,1,1,0,149-1974
1974.0,150,5005.73,1,20,10,1,0,0,1,0,0,150-1974
1974.0,151,0.0,1,28,10,1,0,0,1,1,0,151-1974
1974.0,152,13765.8,1,24,12,1,0,0,0,0,0,152-1974
1974.0,153,2636.35,1,19,8,1,0,0,1,0,0,153-1974
1974.0,154,6269.34,1,23,12,1,0,0,0,0,0,154-1974
1974.0,155,0.0,1,42,9,1,0,1,1,1,0,155-1974
1974.0,156,12362.9,1,25,13,1,0,0,0,0,0,156-1974
1974.0,157,0.0,1,18,9,1,0,0,1,1,0,157-1974
1974.0,158,6473.68,1,21,12,1,0,0,0,0,0,158-1974
1974.0,159,1001.15,1,27,10,1,0,0,1,0,0,159-1974
1974.0,160,989.268,1,21,8,1,0,0,1,0,0,160-1974
1974.0,161,2192.88,1,22,9,1,0,0,1,0,0,161-1974
1974.0,162,8517.59,1,31,4,1,0,0,1,0,0,162-1974
1974.0,163,11703.2,1,24,10,1,0,1,1,0,0,163-1974
1974.0,164,0.0,1,29,10,1,0,0,1,1,0,164-1974
1974.0,165,9748.39,1,29,12,1,0,0,0,0,0,165-1974
1974.0,166,0.0,1,19,10,0,0,0,1,1,0,166-1974
1974.0,167,5424.49,1,19,11,0,1,1,1,0,0,167-1974
1974.0,168,10717.0,1,31,9,1,0,0,1,0,0,168-1974
1974.0,169,1468.35,1,22,10,1,0,1,1,0,0,169-1974
1974.0,170,6416.47,1,21,9,1,0,0,1,0,0,170-1974
1974.0,171,1291.47,1,17,10,1,0,0,1,0,0,171-1974
1974.0,172,8408.76,1,26,12,1,0,1,0,0,0,172-1974
1974.0,173,12260.8,1,20,9,0,1,0,1,0,0,173-1974
1974.0,174,4121.95,1,19,10,1,0,0,1,0,0,174-1974
1974.0,175,25929.7,1,26,10,1,0,0,1,0,0,175-1974
1974.0,176,1929.03,1,28,11,1,0,0,1,0,0,176-1974
1974.0,177,492.231,1,22,12,0,1,1,0,0,0,177-1974
1974.0,178,0.0,1,33,11,1,0,0,1,1,0,178-1974
1974.0,179,6759.99,1,22,12,0,0,0,0,0,0,179-1974
1974.0,180,0.0,1,29,10,0,1,0,1,1,0,180-1974
1974.0,181,20280.0,1,33,12,1,0,1,0,0,0,181-1974
1974.0,182,35040.1,1,25,14,1,0,1,0,0,0,182-1974
1974.0,183,13602.4,1,35,9,1,0,1,1,0,0,183-1974
1974.0,184,13732.1,1,35,8,1,0,1,1,0,0,184-1974
1974.0,185,14660.7,1,33,11,1,0,1,1,0,0,185-1974
1974.0,186,0.0,0,23,10,1,0,0,1,1,1,186-1974
1974.0,187,0.0,0,26,12,0,0,0,0,1,1,187-1974
1974.0,188,0.0,0,22,9,1,0,0,1,1,1,188-1974
1974.0,189,0.0,0,18,9,1,0,0,1,1,1,189-1974
1974.0,190,0.0,0,45,11,1,0,0,1,1,1,190-1974
1974.0,191,0.0,0,18,9,1,0,0,1,1,1,191-1974
1974.0,192,0.0,0,24,8,0,0,0,1,1,1,192-1974
1974.0,193,0.0,0,34,11,1,0,1,1,1,1,193-1974
1974.0,194,0.0,0,24,4,0,1,0,1,1,1,194-1974
1974.0,195,0.0,0,36,10,1,0,0,1,1,1,195-1974
1974.0,196,0.0,0,21,14,1,0,0,0,1,1,196-1974
1974.0,197,0.0,0,28,9,1,0,0,1,1,1,197-1974
1974.0,198,0.0,0,27,7,1,0,1,1,1,1,198-1974
1974.0,199,0.0,0,19,11,0,0,0,1,1,1,199-1974
1974.0,200,0.0,0,20,8,1,0,0,1,1,1,200-1974
1974.0,201,0.0,0,34,12,1,0,0,0,1,1,201-1974
1974.0,202,0.0,0,24,10,1,0,0,1,1,1,202-1974
1974.0,203,0.0,0,22,8,0,1,0,1,1,1,203-1974
1974.0,204,0.0,0,25,11,1,0,0,1,1,1,204-1974
1974.0,205,0.0,0,39,9,1,0,0,1,1,1,205-1974
1974.0,206,0.0,0,19,9,1,0,1,1,1,1,206-1974
1974.0,207,0.0,0,44,9,1,0,0,1,1,1,207-1974
1974.0,208,0.0,0,27,8,1,0,0,1,1,1,208-1974
1974.0,209,0.0,0,25,8,1,0,0,1,1,1,209-1974
1974.0,210,0.0,0,31,10,1,0,0,1,1,1,210-1974
1974.0,211,0.0,0,34,10,1,0,1,1,1,1,211-1974
1974.0,212,0.0,0,21,7,0,1,0,1,1,1,212-1974
1974.0,213,0.0,0,33,12,1,0,0,0,1,1,213-1974
1974.0,214,0.0,0,18,10,0,1,0,1,1,1,214-1974
1974.0,215,0.0,0,26,12,1,0,1,0,1,1,215-1974
1974.0,216,0.0,0,31,12,1,0,0,0,1,1,216-1974
1974.0,217,0.0,0,35,10,1,0,0,1,1,1,217-1974
1974.0,218,0.0,0,20,12,1,0,0,0,1,1,218-1974
1974.0,219,0.0,0,25,11,1,0,0,1,1,1,219-1974
1974.0,220,0.0,0,25,10,1,0,0,1,1,1,220-1974
1974.0,221,0.0,0,35,11,1,0,0,1,1,1,221-1974
1974.0,222,0.0,0,20,10,1,0,0,1,1,1,222-1974
1974.0,223,0.0,0,25,9,0,1,0,1,1,1,223-1974
1974.0,224,0.0,0,27,10,1,0,0,1,1,1,224-1974
1974.0,225,0.0,0,20,11,0,1,0,1,1,1,225-1974
1974.0,226,0.0,0,26,11,1,0,0,1,1,1,226-1974
1974.0,227,0.0,0,38,8,1,0,0,1,1,1,227-1974
1974.0,228,0.0,0,34,10,1,0,0,1,1,1,228-1974
1974.0,229,0.0,0,19,12,1,0,0,0,1,1,229-1974
1974.0,230,0.0,0,32,8,1,0,0,1,1,1,230-1974
1974.0,231,0.0,0,20,9,0,1,0,1,1,1,231-1974
1974.0,232,0.0,0,23,10,1,0,0,1,1,1,232-1974
1974.0,233,0.0,0,38,10,1,0,0,1,1,1,233-1974
1974.0,234,0.0,0,24,11,1,0,0,1,1,1,234-1974
1974.0,235,0.0,0,23,11,1,0,0,1,1,1,235-1974
1974.0,236,0.0,0,20,7,0,1,0,1,1,1,236-1974
1974.0,237,0.0,0,21,11,1,0,0,1,1,1,237-1974
1974.0,238,0.0,0,25,10,1,0,0,1,1,1,238-1974
1974.0,239,0.0,0,22,11,1,0,1,1,1,1,239-1974
1974.0,240,0.0,0,23,11,1,0,0,1,1,1,240-1974
1974.0,241,0.0,0,24,12,0,0,0,0,1,1,241-1974
1974.0,242,0.0,0,29,11,1,0,0,1,1,1,242-1974
1974.0,243,0.0,0,24,11,1,0,0,1,1,1,243-1974
1974.0,244,0.0,0,22,9,1,0,0,1,1,1,244-1974
1974.0,245,0.0,0,28,11,1,0,0,1,1,1,245-1974
1974.0,246,0.0,0,18,10,0,1,0,1,1,1,246-1974
1974.0,247,0.0,0,26,10,1,0,0,1,1,1,247-1974
1974.0,248,0.0,0,25,10,1,0,0,1,1,1,248-1974
1974.0,249,0.0,0,24,10,1,0,0,1,1,1,249-1974
1974.0,250,0.0,0,26,5,1,0,0,1,1,1,250-1974
1974.0,251,0.0,0,36,10,1,0,0,1,1,1,251-1974
1974.0,252,0.0,0,22,11,1,0,0,1,1,1,252-1974
1974.0,253,0.0,0,25,12,1,0,0,0,1,1,253-1974
1974.0,254,0.0,0,27,11,1,0,0,1,1,1,254-1974
1974.0,255,0.0,0,29,8,1,0,0,1,1,1,255-1974
1974.0,256,0.0,0,24,12,1,0,0,0,1,1,256-1974
1974.0,257,0.0,0,22,10,1,0,0,1,1,1,257-1974
1974.0,258,0.0,0,24,7,1,0,0,1,1,1,258-1974
1974.0,259,0.0,0,29,12,1,0,0,0,1,1,259-1974
1974.0,260,0.0,0,25,11,0,1,1,1,1,1,260-1974
1974.0,261,0.0,0,30,12,1,0,0,0,1,1,261-1974
1974.0,262,0.0,0,22,8,1,0,0,1,1,1,262-1974
1974.0,263,0.0,0,55,3,1,0,0,1,1,1,263-1974
1974.0,264,0.0,0,20,10,1,0,0,1,1,1,264-1974
1974.0,265,0.0,0,34,11,1,0,0,1,1,1,265-1974
1974.0,266,0.0,0,22,12,1,0,0,0,1,1,266-1974
1974.0,267,0.0,0,32,12,0,1,1,0,1,1,267-1974
1974.0,268,0.0,0,31,10,1,0,0,1,1,1,268-1974
1974.0,269,0.0,0,18,9,1,0,0,1,1,1,269-1974
1974.0,270,0.0,0,50,10,0,1,0,1,1,1,270-1974
1974.0,271,0.0,0,25,11,1,0,1,1,1,1,271-1974
1974.0,272,0.0,0,23,10,1,0,1,1,1,1,272-1974
1974.0,273,0.0,0,38,10,1,0,0,1,1,1,273-1974
1974.0,274,0.0,0,25,10,1,0,1,1,1,1,274-1974
1974.0,275,0.0,0,42,10,1,0,0,1,1,1,275-1974
1974.0,276,0.0,0,39,12,1,0,1,0,1,1,276-1974
1974.0,277,0.0,0,34,13,1,0,1,0,1,1,277-1974
1974.0,278,0.0,0,24,7,1,0,0,1,1,1,278-1974
1974.0,279,0.0,0,32,11,1,0,0,1,1,1,279-1974
1974.0,280,0.0,0,27,13,1,0,0,0,1,1,280-1974
1974.0,281,0.0,0,26,10,1,0,0,1,1,1,281-1974
1974.0,282,0.0,0,44,11,1,0,0,1,1,1,282-1974
1974.0,283,0.0,0,25,11,1,0,0,1,1,1,283-1974
1974.0,284,0.0,0,25,12,1,0,0,0,1,1,284-1974
1974.0,285,0.0,0,28,12,1,0,1,0,1,1,285-1974
1974.0,286,0.0,0,32,10,1,0,0,1,1,1,286-1974
1974.0,287,0.0,0,22,10,1,0,0,1,1,1,287-1974
1974.0,288,0.0,0,19,9,1,0,0,1,1,1,288-1974
1974.0,289,0.0,0,31,10,1,0,1,1,1,1,289-1974
1974.0,290,0.0,0,23,11,1,0,0,1,1,1,290-1974
1974.0,291,0.0,0,33,11,1,0,0,1,1,1,291-1974
1974.0,292,0.0,0,27,10,1,0,0,1,1,1,292-1974
1974.0,293,0.0,0,29,11,1,0,1,1,1,1,293-1974
1974.0,294,0.0,0,23,10,1,0,0,1,1,1,294-1974
1974.0,295,0.0,0,25,9,1,0,1,1,1,1,295-1974
1974.0,296,0.0,0,25,10,1,0,0,1,1,1,296-1974
1974.0,297,0.0,0,24,10,1,0,0,1,1,1,297-1974
1974.0,298,0.0,0,28,8,0,0,0,1,1,1,298-1974
1974.0,299,0.0,0,26,6,1,0,0,1,1,1,299-1974
1974.0,300,0.0,0,30,14,1,0,1,0,1,1,300-1974
1974.0,301,0.0,0,25,10,1,0,1,1,1,1,301-1974
1974.0,302,0.0,0,29,11,1,0,1,1,1,1,302-1974
1974.0,303,0.0,0,25,12,1,0,1,0,1,1,303-1974
1974.0,304,0.0,0,28,13,1,0,0,0,1,1,304-1974
1974.0,305,0.0,0,23,11,1,0,0,1,1,1,305-1974
1974.0,306,0.0,0,54,11,1,0,0,1,1,1,306-1974
1974.0,307,0.0,0,33,5,0,1,0,1,1,1,307-1974
1974.0,308,0.0,0,20,8,1,0,0,1,1,1,308-1974
1974.0,309,0.0,0,45,9,1,0,0,1,1,1,309-1974
1974.0,310,0.0,0,39,6,1,0,0,1,1,1,310-1974
1974.0,311,0.0,0,26,12,1,0,0,0,1,1,311-1974
1974.0,312,0.0,0,23,10,1,0,0,1,1,1,312-1974
1974.0,313,0.0,0,27,12,0,0,0,0,1,1,313-1974
1974.0,314,0.0,0,33,9,0,1,1,1,1,1,314-1974
1974.0,315,0.0,0,25,10,1,0,1,1,1,1,315-1974
1974.0,316,0.0,0,23,8,1,0,0,1,1,1,316-1974
1974.0,317,0.0,0,18,8,1,0,0,1,1,1,317-1974
1974.0,318,0.0,0,17,8,1,0,0,1,1,1,318-1974
1974.0,319,0.0,0,19,9,0,1,0,1,1,1,319-1974
1974.0,320,0.0,0,18,8,0,1,0,1,1,1,320-1974
1974.0,321,0.0,0,18,11,1,0,0,1,1,1,321-1974
1974.0,322,0.0,0,17,11,1,0,0,1,1,1,322-1974
1974.0,323,0.0,0,19,10,1,0,0,1,1,1,323-1974
1974.0,324,0.0,0,19,10,1,0,0,1,1,1,324-1974
1974.0,325,0.0,0,18,9,1,0,0,1,1,1,325-1974
1974.0,326,0.0,0,18,9,1,0,0,1,1,1,326-1974
1974.0,327,0.0,0,18,10,1,0,0,1,1,1,327-1974
1974.0,328,0.0,0,17,10,1,0,0,1,1,1,328-1974
1974.0,329,0.0,0,18,7,1,0,0,1,1,1,329-1974
1974.0,330,0.0,0,18,11,1,0,0,1,1,1,330-1974
1974.0,331,0.0,0,19,10,0,1,0,1,1,1,331-1974
1974.0,332,0.0,0,18,9,1,0,0,1,1,1,332-1974
1974.0,333,0.0,0,17,10,1,0,0,1,1,1,333-1974
1974.0,334,0.0,0,17,10,1,0,0,1,1,1,334-1974
1974.0,335,0.0,0,19,11,1,0,0,1,1,1,335-1974
1974.0,336,0.0,0,17,8,0,0,0,1,1,1,336-1974
1974.0,337,0.0,0,18,10,1,0,0,1,1,1,337-1974
1974.0,338,0.0,0,18,9,1,0,0,1,1,1,338-1974
1974.0,339,0.0,0,17,8,1,0,0,1,1,1,339-1974
1974.0,340,0.0,0,19,6,0,1,0,1,1,1,340-1974
1974.0,341,0.0,0,19,10,0,0,0,1,1,1,341-1974
1974.0,342,0.0,0,17,11,0,0,0,1,1,1,342-1974
1974.0,343,0.0,0,20,9,1,0,0,1,1,1,343-1974
1974.0,344,0.0,0,17,9,1,0,0,1,1,1,344-1974
1974.0,345,0.0,0,17,10,1,0,0,1,1,1,345-1974
1974.0,346,0.0,0,17,9,1,0,0,1,1,1,346-1974
1974.0,347,0.0,0,19,11,1,0,0,1,1,1,347-1974
1974.0,348,0.0,0,19,10,1,0,1,1,1,1,348-1974
1974.0,349,0.0,0,20,9,1,0,0,1,1,1,349-1974
1974.0,350,0.0,0,18,9,1,0,0,1,1,1,350-1974
1974.0,351,0.0,0,18,11,1,0,0,1,1,1,351-1974
1974.0,352,0.0,0,17,10,0,1,0,1,1,1,352-1974
1974.0,353,0.0,0,19,11,1,0,0,1,1,1,353-1974
1974.0,354,0.0,0,17,10,1,0,0,1,1,1,354-1974
1974.0,355,0.0,0,17,9,0,1,0,1,1,1,355-1974
1974.0,356,0.0,0,18,10,1,0,0,1,1,1,356-1974
1974.0,357,591.499,0,21,9,1,0,0,1,0,1,357-1974
1974.0,358,1563.25,0,18,10,1,0,0,1,0,1,358-1974
1974.0,359,1626.62,0,19,11,1,0,0,1,0,1,359-1974
1974.0,360,2788.5,0,24,9,1,0,0,1,0,1,360-1974
1974.0,361,3472.95,0,28,11,0,1,1,1,0,1,361-1974
1974.0,362,5281.25,0,25,11,1,0,0,1,0,1,362-1974
1974.0,363,33800.0,0,21,7,1,0,0,1,0,1,363-1974
1974.0,364,0.0,0,39,11,1,0,0,1,1,0,364-1974
1974.0,365,0.0,0,36,12,1,0,0,0,1,0,365-1974
1974.0,366,0.0,0,24,12,1,0,0,0,1,0,366-1974
1974.0,367,989.268,0,17,11,1,0,0,1,0,0,367-1974
1974.0,368,960.427,0,18,10,1,0,0,1,0,0,368-1974
1974.0,369,0.0,0,18,10,1,0,0,1,1,0,369-1974
1974.0,370,1471.29,0,28,10,1,0,0,1,0,0,370-1974
1974.0,371,5214.31,0,27,13,0,0,0,0,0,0,371-1974
1974.0,372,0.0,0,31,12,0,0,0,0,1,0,372-1974
1974.0,373,0.0,0,22,9,1,0,0,1,1,0,373-1974
1974.0,374,0.0,0,31,10,1,0,0,1,1,0,374-1974
1974.0,375,6140.37,0,26,10,1,0,1,1,0,0,375-1974
1974.0,376,0.0,0,18,9,0,0,0,1,1,0,376-1974
1974.0,377,6382.31,0,23,11,1,0,0,1,0,0,377-1974
1974.0,378,0.0,0,20,12,1,0,0,0,1,0,378-1974
1974.0,379,0.0,0,19,10,1,0,0,1,1,0,379-1974
1974.0,380,1064.7,0,18,11,1,0,0,1,0,0,380-1974
1974.0,381,0.0,0,17,10,1,0,0,1,1,0,381-1974
1974.0,382,0.0,0,27,12,1,0,1,0,1,0,382-1974
1974.0,383,3065.19,0,27,11,1,0,0,1,0,0,383-1974
1974.0,384,0.0,0,28,12,0,0,0,0,1,0,384-1974
1974.0,385,2431.95,0,28,11,1,0,0,1,0,0,385-1974
1974.0,386,6661.06,0,21,10,1,0,0,1,0,0,386-1974
1974.0,387,4905.12,0,17,10,0,1,0,1,0,0,387-1974
1974.0,388,4699.96,0,26,11,1,0,0,1,0,0,388-1974
1974.0,389,0.0,0,29,9,1,0,0,1,1,0,389-1974
1974.0,390,1203.61,0,17,10,0,1,0,1,0,0,390-1974
1974.0,391,7914.13,0,22,11,1,0,0,1,0,0,391-1974
1974.0,392,0.0,0,24,11,1,0,0,1,1,0,392-1974
1974.0,393,557.699,0,20,12,1,0,0,0,0,0,393-1974
1974.0,394,0.0,0,18,12,1,0,0,0,1,0,394-1974
1974.0,395,2669.73,0,24,11,0,0,0,1,0,0,395-1974
1974.0,396,2988.41,0,21,9,0,0,0,1,0,0,396-1974
1974.0,397,0.0,0,30,8,1,0,0,1,1,0,397-1974
1974.0,398,17711.9,0,31,11,1,0,0,1,0,0,398-1974
1974.0,399,1442.68,0,17,10,0,1,0,1,0,0,399-1974
1974.0,400,8409.63,0,19,9,1,0,0,1,0,0,400-1974
1974.0,401,0.0,0,23,11,1,0,0,1,1,0,401-1974
1974.0,402,4380.02,0,22,12,1,0,0,0,0,0,402-1974
1974.0,403,22859.4,0,29,12,1,0,0,0,0,0,403-1974
1974.0,404,0.0,0,22,10,1,0,0,1,1,0,404-1974
1974.0,405,718.249,0,29,13,1,0,0,0,0,0,405-1974
1974.0,406,721.341,0,19,11,1,0,0,1,0,0,406-1974
1974.0,407,0.0,0,17,9,1,0,0,1,1,0,407-1974
1974.0,408,1716.51,0,18,10,1,0,0,1,0,0,408-1974
1974.0,409,8417.0,0,19,12,1,0,0,0,0,0,409-1974
1974.0,410,6006.88,0,20,6,1,0,0,1,0,0,410-1974
1974.0,411,10523.8,0,33,11,1,0,0,1,0,0,411-1974
1974.0,412,5443.73,0,36,11,0,1,0,1,0,0,412-1974
1974.0,413,15210.0,0,25,11,1,0,0,1,0,0,413-1974
1974.0,414,3504.01,0,19,11,1,0,0,1,0,0,414-1974
1974.0,415,7724.28,0,23,8,1,0,0,1,0,0,415-1974
1974.0,416,4080.73,0,17,11,1,0,0,1,0,0,416-1974
1974.0,417,2502.87,0,43,10,1,0,0,1,0,0,417-1974
1974.0,418,0.0,0,26,11,1,0,1,1,1,0,418-1974
1974.0,419,0.0,0,27,11,1,0,1,1,1,0,419-1974
1974.0,420,6337.49,0,19,11,1,0,0,1,0,0,420-1974
1974.0,421,8593.16,0,28,11,1,0,1,1,0,0,421-1974
1974.0,422,10585.1,0,28,12,1,0,1,0,0,0,422-1974
1974.0,423,1126.29,0,26,8,1,0,0,1,0,0,423-1974
1974.0,424,0.0,0,31,12,1,0,0,0,1,0,424-1974
1974.0,425,7617.36,0,23,11,1,0,0,1,0,0,425-1974
1974.0,426,7182.49,0,20,12,1,0,0,0,0,0,426-1974
1974.0,427,8293.35,0,28,10,1,0,1,1,0,0,427-1974
1974.0,428,19785.3,0,39,12,1,0,1,0,0,0,428-1974
1974.0,429,39570.7,0,21,8,1,0,0,1,0,0,429-1974
1974.0,430,8810.07,0,22,11,1,0,0,1,0,0,430-1974
1974.0,431,8009.16,0,20,11,1,0,0,1,0,0,431-1974
1974.0,432,2992.53,0,21,11,0,1,0,1,0,0,432-1974
1974.0,433,5721.7,0,23,12,0,1,0,0,0,0,433-1974
1974.0,434,9268.94,0,29,9,1,0,0,1,0,0,434-1974
1974.0,435,10222.4,0,28,9,1,0,1,1,0,0,435-1974
1974.0,436,0.0,0,30,11,1,0,1,1,1,0,436-1974
1974.0,437,13520.0,0,25,10,1,0,1,1,0,0,437-1974
1974.0,438,824.389,0,28,11,1,0,1,1,0,0,438-1974
1974.0,439,27864.4,0,22,10,0,0,0,1,0,0,439-1974
1974.0,440,12260.8,0,44,9,1,0,1,1,0,0,440-1974
1974.0,441,31886.4,0,21,9,1,0,0,1,0,0,441-1974
1974.0,442,17491.5,0,28,11,1,0,0,1,0,0,442-1974
1974.0,443,9594.31,0,29,9,0,1,0,1,0,0,443-1974
1974.0,444,24731.6,0,25,9,1,0,1,1,0,0,444-1974
1974.0,445,25720.9,0,22,10,0,0,1,1,0,0,445-1974
